platform,country,handle,platform_account_id,name,profile_url,content_categories,followers,average_engagement_rate,source_rank,source_url
Instagram,DE,@toni.kr8s,,Toni Kroos,https://www.instagram.com/toni.kr8s/,Sports Soccer,44600000,1.17%,1,https://www.kaggle.com/datasets/bhavyadhingra00020/top-100-social-media-influencers-2024-countrywise
Instagram,DE,@m10_official,,Mesut Özil,https://www.instagram.com/m10_official/,Sports Soccer Training,27400000,2.99%,2,https://www.kaggle.com/datasets/bhavyadhingra00020/top-100-social-media-influencers-2024-countrywise
Instagram,DE,@lena,,lena mantler,https://www.instagram.com/lena/,Entertainment and Music,21100000,0.28%,3,https://www.kaggle.com/datasets/bhavyadhingra00020/top-100-social-media-influencers-2024-countrywise
Instagram,DE,@mahnaz_afshar,,Mahe Man,https://www.instagram.com/mahnaz_afshar/,Acting and Drama Celebrity Artist,18600000,0.07%,4,https://www.kaggle.com/datasets/bhavyadhingra00020/top-100-social-media-influencers-2024-countrywise
Instagram,DE,@bastianschweinsteiger,,Bastian Schweinsteiger,https://www.instagram.com/bastianschweinsteiger/,Sports Soccer,17200000,0.22%,5,https://www.kaggle.com/datasets/bhavyadhingra00020/top-100-social-media-influencers-2024-countrywise
Instagram,DE,@marcinho11,,Marco Reus,https://www.instagram.com/marcinho11/,Sports Soccer,15000000,0.07%,6,https://www.kaggle.com/datasets/bhavyadhingra00020/top-100-social-media-influencers-2024-countrywise
Instagram,DE,@mrjade,,JΛDE ŞEN,https://www.instagram.com/mrjade/,Finance Business and Finance Producers Celebrities,14100000,1.77%,7,https://www.kaggle.com/datasets/bhavyadhingra00020/top-100-social-media-influencers-2024-countrywise
Instagram,DE,@esmuellert,,Thomas Müller,https://www.instagram.com/esmuellert/,Sports,14000000,1.25%,8,https://www.kaggle.com/datasets/bhavyadhingra00020/top-100-social-media-influencers-2024-countrywise
Instagram,DE,@manuelneuer,,Manuel Neuer,https://www.instagram.com/manuelneuer/,Sports Soccer,13200000,1.44%,9,https://www.kaggle.com/datasets/bhavyadhingra00020/top-100-social-media-influencers-2024-countrywise
Instagram,DE,@thiago6,,Thiago Alcantara,https://www.instagram.com/thiago6/,Sports Soccer,11900000,1.87%,10,https://www.kaggle.com/datasets/bhavyadhingra00020/top-100-social-media-influencers-2024-countrywise
Instagram,DE,@heidiklum,,Heidi Klum,https://www.instagram.com/heidiklum/,Fashion and Accessories,11800000,0.4%,11,https://www.kaggle.com/datasets/bhavyadhingra00020/top-100-social-media-influencers-2024-countrywise
Instagram,DE,@sami_khedira6,,Sami Khedira,https://www.instagram.com/sami_khedira6/,Sports,10000000,0.18%,12,https://www.kaggle.com/datasets/bhavyadhingra00020/top-100-social-media-influencers-2024-countrywise
Instagram,DE,@sanchooo10,,Jadon Sancho,https://www.instagram.com/sanchooo10/,Sports Soccer,9800000,8.19%,13,https://www.kaggle.com/datasets/bhavyadhingra00020/top-100-social-media-influencers-2024-countrywise
Instagram,DE,@pamela_rf,,Pamela Reif,https://www.instagram.com/pamela_rf/,Beauty and Self Care Food Food and Drink Modeling,9300000,1.24%,14,https://www.kaggle.com/datasets/bhavyadhingra00020/top-100-social-media-influencers-2024-countrywise
Instagram,DE,@philipplahm,,Philipp Lahm,https://www.instagram.com/philipplahm/,Sports Business and Finance Soccer Entrepreneur,8900000,0.12%,15,https://www.kaggle.com/datasets/bhavyadhingra00020/top-100-social-media-influencers-2024-countrywise
Instagram,DE,@mario_mm38,,Mario Maurer,https://www.instagram.com/mario_mm38/,Actors Lifestyle,8800000,0.74%,16,https://www.kaggle.com/datasets/bhavyadhingra00020/top-100-social-media-influencers-2024-countrywise
Instagram,DE,@ilkayguendogan,,Ilkay Gündogan,https://www.instagram.com/ilkayguendogan/,Sports,8700000,3.28%,17,https://www.kaggle.com/datasets/bhavyadhingra00020/top-100-social-media-influencers-2024-countrywise
Instagram,DE,@youneszarou,,Younes Zarou,https://www.instagram.com/youneszarou/,Romance and Wedding,8500000,2.22%,18,https://www.kaggle.com/datasets/bhavyadhingra00020/top-100-social-media-influencers-2024-countrywise
Instagram,DE,@leroysane,,Leroy Sané,https://www.instagram.com/leroysane/,Sports Soccer,8200000,1.81%,19,https://www.kaggle.com/datasets/bhavyadhingra00020/top-100-social-media-influencers-2024-countrywise
Instagram,DE,@mariogotze,,MARIO GÖTZE,https://www.instagram.com/mariogotze/,Sports Soccer,8100000,0.59%,20,https://www.kaggle.com/datasets/bhavyadhingra00020/top-100-social-media-influencers-2024-countrywise
Instagram,DE,@meryemuzerlimeryem,,meryemuzerlimeryem,https://www.instagram.com/meryemuzerlimeryem/,Acting and Drama Celebrity Actors,7600000,0.83%,21,https://www.kaggle.com/datasets/bhavyadhingra00020/top-100-social-media-influencers-2024-countrywise
Instagram,DE,@mrsdeutschland_offizielleseite,,Anna Schneider \ Prohodski💍,https://www.instagram.com/mrsdeutschland_offizielleseite/,Fashion,7400000,2.26%,22,https://www.kaggle.com/datasets/bhavyadhingra00020/top-100-social-media-influencers-2024-countrywise
Instagram,DE,@shirindavid,,barbara (shirin david)avicius,https://www.instagram.com/shirindavid/,Fashion and Accessories Entertainment and Music Music Lifestyle,6600000,2.06%,23,https://www.kaggle.com/datasets/bhavyadhingra00020/top-100-social-media-influencers-2024-countrywise
Instagram,DE,@kaihavertz29,,Kai Havertz 💥⚽️✌🏼,https://www.instagram.com/kaihavertz29/,Sports Soccer,6200000,5.31%,24,https://www.kaggle.com/datasets/bhavyadhingra00020/top-100-social-media-influencers-2024-countrywise
Instagram,DE,@paola,,P A O L A M A R I A,https://www.instagram.com/paola/,Beauty and Self Care Video Blogger,5800000,0.24%,25,https://www.kaggle.com/datasets/bhavyadhingra00020/top-100-social-media-influencers-2024-countrywise
Instagram,DE,@dfb_team,,DFB-Team,https://www.instagram.com/dfb_team/,Sports Entertainment and Music Soccer,5800000,0.83%,26,https://www.kaggle.com/datasets/bhavyadhingra00020/top-100-social-media-influencers-2024-countrywise
Instagram,DE,@lukaspodolski,,Lukas Podolski,https://www.instagram.com/lukaspodolski/,Food Sports Soccer,5800000,0.18%,27,https://www.kaggle.com/datasets/bhavyadhingra00020/top-100-social-media-influencers-2024-countrywise
Instagram,DE,@draxlerofficial,,Julian Draxler,https://www.instagram.com/draxlerofficial/,Sports Soccer,5400000,0.96%,28,https://www.kaggle.com/datasets/bhavyadhingra00020/top-100-social-media-influencers-2024-countrywise
Instagram,DE,@rudybundini,,𝐑 𝐮 𝐝 𝐲 𝐁 𝐮 𝐧 𝐝 𝐢 𝐧 𝐢,https://www.instagram.com/rudybundini/,Arts and Crafts Fashion and Accessories Modeling,5200000,2.35%,29,https://www.kaggle.com/datasets/bhavyadhingra00020/top-100-social-media-influencers-2024-countrywise
Instagram,DE,@tonigarrn,,TONI GARRN,https://www.instagram.com/tonigarrn/,Fashion Modeling Travel Public Figure,5100000,0.14%,30,https://www.kaggle.com/datasets/bhavyadhingra00020/top-100-social-media-influencers-2024-countrywise
Instagram,DE,@alicasmd,,Alica Ѕchmidt | Track & Field,https://www.instagram.com/alicasmd/,Sports,5100000,0.22%,31,https://www.kaggle.com/datasets/bhavyadhingra00020/top-100-social-media-influencers-2024-countrywise
Instagram,DE,@aussenrist15,,Mats Hummels,https://www.instagram.com/aussenrist15/,Sports Soccer,5000000,0.83%,32,https://www.kaggle.com/datasets/bhavyadhingra00020/top-100-social-media-influencers-2024-countrywise
Instagram,DE,@marcusbutler,,Marcus Butler,https://www.instagram.com/marcusbutler/,"Entertainment and Music Modeling Film, Music & Books",4800000,0.17%,33,https://www.kaggle.com/datasets/bhavyadhingra00020/top-100-social-media-influencers-2024-countrywise
Instagram,DE,@carodaur,,Caroline Daur,https://www.instagram.com/carodaur/,Fashion and Accessories Celebrity Lifestyle Celebrities,4500000,0.32%,34,https://www.kaggle.com/datasets/bhavyadhingra00020/top-100-social-media-influencers-2024-countrywise
Instagram,DE,@capital_bra,,Capital Bra,https://www.instagram.com/capital_bra/,Music Lifestyle,4100000,1.08%,35,https://www.kaggle.com/datasets/bhavyadhingra00020/top-100-social-media-influencers-2024-countrywise
Instagram,DE,@alarakayaofficial,,Fatma Kaya,https://www.instagram.com/alarakayaofficial/,Art Beauty,4000000,6.25%,36,https://www.kaggle.com/datasets/bhavyadhingra00020/top-100-social-media-influencers-2024-countrywise
Instagram,DE,@juliabeautx,,Julia Willecke,https://www.instagram.com/juliabeautx/,Entertainment and Music Beauty and Self Care Music Public Figure,3900000,3.83%,37,https://www.kaggle.com/datasets/bhavyadhingra00020/top-100-social-media-influencers-2024-countrywise
Instagram,DE,@katjakrasavice,,Katja Krasavice,https://www.instagram.com/katjakrasavice/,Entertainment and Music Music Modeling Humor,3900000,3.71%,38,https://www.kaggle.com/datasets/bhavyadhingra00020/top-100-social-media-influencers-2024-countrywise
Instagram,DE,@r_13official,,RAFINHA,https://www.instagram.com/r_13official/,Sports Soccer,3800000,0.75%,39,https://www.kaggle.com/datasets/bhavyadhingra00020/top-100-social-media-influencers-2024-countrywise
Instagram,DE,@randeephooda,,Randeep Hooda,https://www.instagram.com/randeephooda/,Entertainment and Music Celebrity Actors Modeling,3700000,9.47%,40,https://www.kaggle.com/datasets/bhavyadhingra00020/top-100-social-media-influencers-2024-countrywise
Instagram,DE,@_maxhaase_,,Max Haase - German Travel Influencer 🇩🇪,https://www.instagram.com/_maxhaase_/,Travel Photography,3600000,1.05%,41,https://www.kaggle.com/datasets/bhavyadhingra00020/top-100-social-media-influencers-2024-countrywise
Instagram,DE,@hakancalhanoglu,,Hakan Çalhanoglu,https://www.instagram.com/hakancalhanoglu/,Sports Soccer,3300000,5.4%,42,https://www.kaggle.com/datasets/bhavyadhingra00020/top-100-social-media-influencers-2024-countrywise
Instagram,DE,@lenagercke,,Lena Gercke,https://www.instagram.com/lenagercke/,Fashion and Accessories Home and Garden Lifestyle,3300000,0.5%,43,https://www.kaggle.com/datasets/bhavyadhingra00020/top-100-social-media-influencers-2024-countrywise
Instagram,DE,@lionttv,,LIONT,https://www.instagram.com/lionttv/,Entertainment and Music Music Video Blogger Lifestyle,3300000,0.64%,44,https://www.kaggle.com/datasets/bhavyadhingra00020/top-100-social-media-influencers-2024-countrywise
Instagram,DE,@tonimahfud,,TONI MAHFUD†,https://www.instagram.com/tonimahfud/,Fashion and Accessories Arts and Crafts Modeling,3300000,1.15%,45,https://www.kaggle.com/datasets/bhavyadhingra00020/top-100-social-media-influencers-2024-countrywise
Instagram,DE,@faridbangbang,,𝗙𝗮𝗿𝗶𝗱 𝗕𝗮𝗻𝗴,https://www.instagram.com/faridbangbang/,Entertainment and Music Rap,3200000,1.27%,46,https://www.kaggle.com/datasets/bhavyadhingra00020/top-100-social-media-influencers-2024-countrywise
Instagram,DE,@palinski,,Palina Rojinski,https://www.instagram.com/palinski/,Entertainment and Music Celebrity Lifestyle,3200000,0.26%,47,https://www.kaggle.com/datasets/bhavyadhingra00020/top-100-social-media-influencers-2024-countrywise
Instagram,DE,@xlaeta,,XLAETA | Julia,https://www.instagram.com/xlaeta/,Beauty and Self Care Fashion and Accessories Modeling Celebrities,3100000,1.02%,48,https://www.kaggle.com/datasets/bhavyadhingra00020/top-100-social-media-influencers-2024-countrywise
Instagram,DE,@elyjahwoop,,Elyas M'Barek,https://www.instagram.com/elyjahwoop/,Acting and Drama,2900000,2.3%,49,https://www.kaggle.com/datasets/bhavyadhingra00020/top-100-social-media-influencers-2024-countrywise
Instagram,DE,@saraadrianberlin,,SARA ADRIAN,https://www.instagram.com/saraadrianberlin/,Arts and Crafts Fashion and Accessories Beauty and Self Care Lifestyle,2900000,1.72%,50,https://www.kaggle.com/datasets/bhavyadhingra00020/top-100-social-media-influencers-2024-countrywise
Instagram,DE,@imareebahabib,,Areeba Habib,https://www.instagram.com/imareebahabib/,Fashion Modeling,2800000,0.97%,51,https://www.kaggle.com/datasets/bhavyadhingra00020/top-100-social-media-influencers-2024-countrywise
Instagram,DE,@sergegnabry,,Serge Gnabry,https://www.instagram.com/sergegnabry/,Soccer,2800000,4.08%,52,https://www.kaggle.com/datasets/bhavyadhingra00020/top-100-social-media-influencers-2024-countrywise
Instagram,DE,@twenty4tim,,a living meme | Dschungelcamp 2024,https://www.instagram.com/twenty4tim/,Celebrity Public Figure Creators & Celebrities,2800000,8.24%,53,https://www.kaggle.com/datasets/bhavyadhingra00020/top-100-social-media-influencers-2024-countrywise
Instagram,DE,@timowerner,,Timo Werner,https://www.instagram.com/timowerner/,Sports Soccer,2700000,3.49%,54,https://www.kaggle.com/datasets/bhavyadhingra00020/top-100-social-media-influencers-2024-countrywise
Instagram,DE,@behindtvpersian,,Amin Fardin - امین فردین 🇩🇪🇮🇷,https://www.instagram.com/behindtvpersian/,,2700000,1.52%,55,https://www.kaggle.com/datasets/bhavyadhingra00020/top-100-social-media-influencers-2024-countrywise
Instagram,DE,@asemane_rabiee,,Asemaneh Rabiei,https://www.instagram.com/asemane_rabiee/,,2700000,0.5%,56,https://www.kaggle.com/datasets/bhavyadhingra00020/top-100-social-media-influencers-2024-countrywise
Instagram,DE,@mr_boris_becker,,Mr. boris becker,https://www.instagram.com/mr_boris_becker/,Sports Music Modeling,2600000,1.59%,57,https://www.kaggle.com/datasets/bhavyadhingra00020/top-100-social-media-influencers-2024-countrywise
Instagram,DE,@7sekundenvideoz,,7 Sekunden Videos® / Vines,https://www.instagram.com/7sekundenvideoz/,Entertainment and Music Celebrity,2600000,1.8%,58,https://www.kaggle.com/datasets/bhavyadhingra00020/top-100-social-media-influencers-2024-countrywise
Instagram,DE,@emelijad,,Amal Jaderani Pour,https://www.instagram.com/emelijad/,Art Beauty Artist,2600000,11.21%,59,https://www.kaggle.com/datasets/bhavyadhingra00020/top-100-social-media-influencers-2024-countrywise
Instagram,DE,@ds17_fg,,Dennis Schröder,https://www.instagram.com/ds17_fg/,Sports Entertainment Singer Music,2600000,5.04%,60,https://www.kaggle.com/datasets/bhavyadhingra00020/top-100-social-media-influencers-2024-countrywise
Instagram,DE,@felixladen,,Felix von der Laden,https://www.instagram.com/felixladen/,Entertainment and Music Auto and Vehicles Lifestyle,2600000,1.18%,61,https://www.kaggle.com/datasets/bhavyadhingra00020/top-100-social-media-influencers-2024-countrywise
Instagram,DE,@nordic_scott,,Mirko | Fashion & Photography,https://www.instagram.com/nordic_scott/,Fashion and Accessories Photography Lifestyle Modeling,2600000,8.04%,62,https://www.kaggle.com/datasets/bhavyadhingra00020/top-100-social-media-influencers-2024-countrywise
Instagram,DE,@tarekalbasha.music,,TAREK AL BASHA,https://www.instagram.com/tarekalbasha.music/,Entertainment and Music Music,2500000,1.53%,63,https://www.kaggle.com/datasets/bhavyadhingra00020/top-100-social-media-influencers-2024-countrywise
Instagram,DE,@leon_goretzka,,Leon Goretzka,https://www.instagram.com/leon_goretzka/,Sports Soccer,2500000,3.21%,64,https://www.kaggle.com/datasets/bhavyadhingra00020/top-100-social-media-influencers-2024-countrywise
Instagram,DE,@amineharit,,Amine Harit,https://www.instagram.com/amineharit/,Sports Soccer,2400000,4.9%,65,https://www.kaggle.com/datasets/bhavyadhingra00020/top-100-social-media-influencers-2024-countrywise
Instagram,DE,@sally_fou2ad,,Sally Fouad | سالي فؤاد,https://www.instagram.com/sally_fou2ad/,Fitness and Health Education Product Education Food and Drink,2400000,0.13%,66,https://www.kaggle.com/datasets/bhavyadhingra00020/top-100-social-media-influencers-2024-countrywise
Instagram,DE,@heuteshow,,ZDF heute-show,https://www.instagram.com/heuteshow/,Entertainment and Music Lifestyle,2300000,0.93%,67,https://www.kaggle.com/datasets/bhavyadhingra00020/top-100-social-media-influencers-2024-countrywise
Instagram,DE,@bayer04fussball,,Bayer 04 Leverkusen,https://www.instagram.com/bayer04fussball/,Sports,2300000,0.31%,68,https://www.kaggle.com/datasets/bhavyadhingra00020/top-100-social-media-influencers-2024-countrywise
Instagram,DE,@danielakatzenberger,,Daniela Katzenberger,https://www.instagram.com/danielakatzenberger/,Beauty and Self Care Entertainment and Music Lifestyle,2300000,1.22%,69,https://www.kaggle.com/datasets/bhavyadhingra00020/top-100-social-media-influencers-2024-countrywise
Instagram,DE,@annamariadamm,,Anna Maria Damm,https://www.instagram.com/annamariadamm/,Beauty and Self Care Fashion and Accessories family Modeling,2200000,1.44%,70,https://www.kaggle.com/datasets/bhavyadhingra00020/top-100-social-media-influencers-2024-countrywise
Instagram,DE,@gold_alena,,Gold_alena,https://www.instagram.com/gold_alena/,Entertainment and Music Home and Garden,2200000,2.6%,71,https://www.kaggle.com/datasets/bhavyadhingra00020/top-100-social-media-influencers-2024-countrywise
Instagram,DE,@naderjindaoui,,NADER JINDAOUI,https://www.instagram.com/naderjindaoui/,,2200000,17.63%,72,https://www.kaggle.com/datasets/bhavyadhingra00020/top-100-social-media-influencers-2024-countrywise
Instagram,DE,@sohi.malih,,Sohi Malih,https://www.instagram.com/sohi.malih/,Fashion Lifestyle Public Figure,2100000,0.31%,73,https://www.kaggle.com/datasets/bhavyadhingra00020/top-100-social-media-influencers-2024-countrywise
Instagram,DE,@claudiaschiffer,,Claudia Schiffer,https://www.instagram.com/claudiaschiffer/,Modeling Fashion,2100000,2.28%,74,https://www.kaggle.com/datasets/bhavyadhingra00020/top-100-social-media-influencers-2024-countrywise
Instagram,DE,@pietrolombardi,,Pietro Lombardi,https://www.instagram.com/pietrolombardi/,Entertainment and Music Music Lifestyle,2000000,1.19%,75,https://www.kaggle.com/datasets/bhavyadhingra00020/top-100-social-media-influencers-2024-countrywise
Instagram,DE,@vanessa.rhd,,Vanessa Reinhardt,https://www.instagram.com/vanessa.rhd/,Fashion and Accessories,2000000,10.52%,76,https://www.kaggle.com/datasets/bhavyadhingra00020/top-100-social-media-influencers-2024-countrywise
Instagram,DE,@nicorosberg,,NICO ROSBERG,https://www.instagram.com/nicorosberg/,Auto and Vehicles Finance Business and Finance Racing,2000000,3.44%,77,https://www.kaggle.com/datasets/bhavyadhingra00020/top-100-social-media-influencers-2024-countrywise
Instagram,DE,@ivana.santacruz,,IVI CRUZ 🦋,https://www.instagram.com/ivana.santacruz/,Entertainment and Music family Music Dance,2000000,3.21%,78,https://www.kaggle.com/datasets/bhavyadhingra00020/top-100-social-media-influencers-2024-countrywise
Instagram,DE,@ischtarisik,,Ischtar Isik,https://www.instagram.com/ischtarisik/,Fashion and Accessories Video Blogger Lifestyle,1900000,1.46%,79,https://www.kaggle.com/datasets/bhavyadhingra00020/top-100-social-media-influencers-2024-countrywise
Instagram,DE,@alexzverev123,,Alexander Zverev,https://www.instagram.com/alexzverev123/,Sports Tennis,1900000,3.45%,80,https://www.kaggle.com/datasets/bhavyadhingra00020/top-100-social-media-influencers-2024-countrywise
Instagram,DE,@jeremyfragrance,,Jeremy Fragrance,https://www.instagram.com/jeremyfragrance/,Beauty and Self Care Modeling,1900000,0.24%,81,https://www.kaggle.com/datasets/bhavyadhingra00020/top-100-social-media-influencers-2024-countrywise
Instagram,DE,@mahdavikia_mehdi,,Mehdi Mahdavikia,https://www.instagram.com/mahdavikia_mehdi/,Sports Gym Modeling,1900000,6.1%,82,https://www.kaggle.com/datasets/bhavyadhingra00020/top-100-social-media-influencers-2024-countrywise
Instagram,DE,@hannes_becker,,Hannes Becker,https://www.instagram.com/hannes_becker/,Travel Photography,1900000,0.38%,83,https://www.kaggle.com/datasets/bhavyadhingra00020/top-100-social-media-influencers-2024-countrywise
Instagram,DE,@nilskue,,N I L S K U E S E L 🕸️,https://www.instagram.com/nilskue/,,1900000,8.88%,84,https://www.kaggle.com/datasets/bhavyadhingra00020/top-100-social-media-influencers-2024-countrywise
Instagram,DE,@kevintrapp,,Kevin Trapp,https://www.instagram.com/kevintrapp/,Sports,1900000,1.68%,85,https://www.kaggle.com/datasets/bhavyadhingra00020/top-100-social-media-influencers-2024-countrywise
Instagram,DE,@jacobrott,,⠀⠀J A C O B R O T T 🏝,https://www.instagram.com/jacobrott/,Entertainment and Music,1800000,6.91%,86,https://www.kaggle.com/datasets/bhavyadhingra00020/top-100-social-media-influencers-2024-countrywise
Instagram,DE,@joyceilg,,Joyce Ilg,https://www.instagram.com/joyceilg/,Entertainment and Music Celebrity Actors,1800000,0.17%,87,https://www.kaggle.com/datasets/bhavyadhingra00020/top-100-social-media-influencers-2024-countrywise
Instagram,DE,@knossi,,Jens 'Knossi' Knossalla,https://www.instagram.com/knossi/,Entertainment and Music Games Lifestyle,1800000,2.28%,88,https://www.kaggle.com/datasets/bhavyadhingra00020/top-100-social-media-influencers-2024-countrywise
Instagram,DE,@kontrak,,Kontra K,https://www.instagram.com/kontrak/,Entertainment and Music Lifestyle Gym,1800000,3.24%,89,https://www.kaggle.com/datasets/bhavyadhingra00020/top-100-social-media-influencers-2024-countrywise
Instagram,DE,@sarellax3,,Sarah Engels,https://www.instagram.com/sarellax3/,Entertainment and Music family Celebrity Music,1800000,0.94%,90,https://www.kaggle.com/datasets/bhavyadhingra00020/top-100-social-media-influencers-2024-countrywise
Instagram,DE,@coach.latif,,Abdulatif Ghrir,https://www.instagram.com/coach.latif/,Fitness and Health,1800000,0.08%,91,https://www.kaggle.com/datasets/bhavyadhingra00020/top-100-social-media-influencers-2024-countrywise
Instagram,DE,@bundeskanzlerinmerkel,,Bundeskanzlerin a.D. Merkel,https://www.instagram.com/bundeskanzlerinmerkel/,Photography Politics,1800000,3.75%,92,https://www.kaggle.com/datasets/bhavyadhingra00020/top-100-social-media-influencers-2024-countrywise
Instagram,DE,@b0rz212,,🐺🖤,https://www.instagram.com/b0rz212/,Fashion and Accessories,1800000,1.6%,93,https://www.kaggle.com/datasets/bhavyadhingra00020/top-100-social-media-influencers-2024-countrywise
Instagram,DE,@ikosun_kitchen,,𝐈 𝐊 𝐎 Ş,https://www.instagram.com/ikosun_kitchen/,Food,1800000,0.96%,94,https://www.kaggle.com/datasets/bhavyadhingra00020/top-100-social-media-influencers-2024-countrywise
Instagram,DE,@inaandthepeanuts,,Ina Schnitzer,https://www.instagram.com/inaandthepeanuts/,,1800000,0.04%,95,https://www.kaggle.com/datasets/bhavyadhingra00020/top-100-social-media-influencers-2024-countrywise
Instagram,DE,@a_la_sevda,,𝗦𝗲𝘃𝗱𝗮 Ç𝗲𝗹𝗶𝗸,https://www.instagram.com/a_la_sevda/,Food,1700000,1.9%,96,https://www.kaggle.com/datasets/bhavyadhingra00020/top-100-social-media-influencers-2024-countrywise
Instagram,DE,@apache_207,,Apache 207,https://www.instagram.com/apache_207/,Entertainment and Music Music,1700000,10.16%,97,https://www.kaggle.com/datasets/bhavyadhingra00020/top-100-social-media-influencers-2024-countrywise
Instagram,DE,@yvonnepferrer,,ADVENTURE • SPORTS • TRAVEL,https://www.instagram.com/yvonnepferrer/,Outdoor Activity Travel Celebrity Actors,1700000,1.02%,98,https://www.kaggle.com/datasets/bhavyadhingra00020/top-100-social-media-influencers-2024-countrywise
Instagram,DE,@oliverpocher,,Oliver Pocher,https://www.instagram.com/oliverpocher/,Entertainment and Music Celebrity Lifestyle,1700000,2.05%,99,https://www.kaggle.com/datasets/bhavyadhingra00020/top-100-social-media-influencers-2024-countrywise
Instagram,DE,@mr.pokee,,The World’s Cutest Adventures,https://www.instagram.com/mr.pokee/,"Animals Home and Garden Animals & Pets Film, Music & Books",1700000,1.1%,100,https://www.kaggle.com/datasets/bhavyadhingra00020/top-100-social-media-influencers-2024-countrywise
Threads,DE,@sinadeinert,,Sina Deinert,https://www.threads.net/@sinadeinert,Entertainment & Music,107300,0.85%,1,https://www.kaggle.com/datasets/bhavyadhingra00020/top-100-social-media-influencers-2024-countrywise
Threads,DE,@mrjade,,Öᴢᴋᴀɴ ᴊᴀᴅᴇ sᴇɴ,https://www.threads.net/@mrjade,Finance,90900,0.17%,2,https://www.kaggle.com/datasets/bhavyadhingra00020/top-100-social-media-influencers-2024-countrywise
Threads,DE,@sally_fou2ad,,Sally Fouad | سالي فؤاد,https://www.threads.net/@sally_fou2ad,Fitness & Health Education Product Education,90600,0.32%,3,https://www.kaggle.com/datasets/bhavyadhingra00020/top-100-social-media-influencers-2024-countrywise
Threads,DE,@limelchert,,Lilian Melchert,https://www.threads.net/@limelchert,Oddly Satisfying,63600,0.36%,4,https://www.kaggle.com/datasets/bhavyadhingra00020/top-100-social-media-influencers-2024-countrywise
Threads,DE,@lichi_brand,,Women’s Fashion Brand,https://www.threads.net/@lichi_brand,Fashion & Accessories,54700,0.36%,5,https://www.kaggle.com/datasets/bhavyadhingra00020/top-100-social-media-influencers-2024-countrywise
Threads,DE,@ronald_soethje,,Ronald Söthje,https://www.threads.net/@ronald_soethje,Photography Education Auto and Vehicles,37900,1.36%,6,https://www.kaggle.com/datasets/bhavyadhingra00020/top-100-social-media-influencers-2024-countrywise
Threads,DE,@drbarbarasturm,,Dr. Barbara Sturm,https://www.threads.net/@drbarbarasturm,Beauty & Self Care,36500,0.27%,7,https://www.kaggle.com/datasets/bhavyadhingra00020/top-100-social-media-influencers-2024-countrywise
Threads,DE,@marvinbrooks,,Marvin Brooks,https://www.threads.net/@marvinbrooks,Fitness & Health Education Outdoor Activity,33000,,8,https://www.kaggle.com/datasets/bhavyadhingra00020/top-100-social-media-influencers-2024-countrywise
Threads,DE,@noriyanori,,Nora Achmaoui,https://www.threads.net/@noriyanori,Education Upskilling,30000,0.61%,9,https://www.kaggle.com/datasets/bhavyadhingra00020/top-100-social-media-influencers-2024-countrywise
Threads,DE,@chrisbetzmann,,Christian Betzmann,https://www.threads.net/@chrisbetzmann,Travel Photography,27400,0.3%,10,https://www.kaggle.com/datasets/bhavyadhingra00020/top-100-social-media-influencers-2024-countrywise
Threads,DE,@knitecoser,,KNITE,https://www.threads.net/@knitecoser,Animation & Cosplay,27300,3.56%,11,https://www.kaggle.com/datasets/bhavyadhingra00020/top-100-social-media-influencers-2024-countrywise
Threads,DE,@trivago,,trivago,https://www.threads.net/@trivago,Travel,22200,,12,https://www.kaggle.com/datasets/bhavyadhingra00020/top-100-social-media-influencers-2024-countrywise
Threads,DE,@yoldabiblog,,Asya & Umut Karakuş,https://www.threads.net/@yoldabiblog,Travel,21500,0.17%,13,https://www.kaggle.com/datasets/bhavyadhingra00020/top-100-social-media-influencers-2024-countrywise
Threads,DE,@marioadrion,,Mario Adrion,https://www.threads.net/@marioadrion,Entertainment & Music,21000,0.54%,14,https://www.kaggle.com/datasets/bhavyadhingra00020/top-100-social-media-influencers-2024-countrywise
Threads,DE,@autodoc_autoparts,,AUTODOC - online auto parts store,https://www.threads.net/@autodoc_autoparts,Auto and Vehicles Product Education,20800,0.09%,15,https://www.kaggle.com/datasets/bhavyadhingra00020/top-100-social-media-influencers-2024-countrywise
Threads,DE,@tileh_pacbro,,Tileh Pacbro,https://www.threads.net/@tileh_pacbro,Entertainment & Music Dance,20000,3.49%,16,https://www.kaggle.com/datasets/bhavyadhingra00020/top-100-social-media-influencers-2024-countrywise
Threads,DE,@tamichinmitchell,,Tami Chin Mitchell,https://www.threads.net/@tamichinmitchell,Fashion & Accessories Entertainment & Music family Travel,19400,0.64%,17,https://www.kaggle.com/datasets/bhavyadhingra00020/top-100-social-media-influencers-2024-countrywise
Threads,DE,@jihoonkm,,JIHOON KIM (지훈이 ₊˚⊹♡),https://www.threads.net/@jihoonkm,Fashion & Accessories Entertainment & Music,18400,4.38%,18,https://www.kaggle.com/datasets/bhavyadhingra00020/top-100-social-media-influencers-2024-countrywise
Threads,DE,@damlakalaycik,,Damla Kalaycık Dedeoğlu,https://www.threads.net/@damlakalaycik,Fashion & Beauty Lifestyle Travel,17800,1.09%,19,https://www.kaggle.com/datasets/bhavyadhingra00020/top-100-social-media-influencers-2024-countrywise
Threads,DE,@voyagefox_,,Nathalie Aron,https://www.threads.net/@voyagefox_,Travel,17600,0.26%,20,https://www.kaggle.com/datasets/bhavyadhingra00020/top-100-social-media-influencers-2024-countrywise
Threads,DE,@lartedesign,,Ｌａｒｔｅ Ｄｅｓｉｇ n,https://www.threads.net/@lartedesign,Auto and Vehicles,17200,0.98%,21,https://www.kaggle.com/datasets/bhavyadhingra00020/top-100-social-media-influencers-2024-countrywise
Threads,DE,@ecosia,,Ecosia,https://www.threads.net/@ecosia,Nature,16600,0.55%,22,https://www.kaggle.com/datasets/bhavyadhingra00020/top-100-social-media-influencers-2024-countrywise
Threads,DE,@lennart,,"Lennart Pagel | 📍CGN, Germany",https://www.threads.net/@lennart,Nature Travel Photography,16200,1.53%,23,https://www.kaggle.com/datasets/bhavyadhingra00020/top-100-social-media-influencers-2024-countrywise
Threads,DE,@kuhrmarvin,,Marvin Kuhr,https://www.threads.net/@kuhrmarvin,Photography,15500,2.68%,24,https://www.kaggle.com/datasets/bhavyadhingra00020/top-100-social-media-influencers-2024-countrywise
Threads,DE,@tingting_lai,,TingTing Lai,https://www.threads.net/@tingting_lai,Fashion & Accessories,14300,4.03%,25,https://www.kaggle.com/datasets/bhavyadhingra00020/top-100-social-media-influencers-2024-countrywise
Threads,DE,@bobberbrothers,,Bobber Brothers | Custom Motorcycles,https://www.threads.net/@bobberbrothers,Auto and Vehicles,13500,0.91%,26,https://www.kaggle.com/datasets/bhavyadhingra00020/top-100-social-media-influencers-2024-countrywise
Threads,DE,@thomas_k,,Thomas Kakareko,https://www.threads.net/@thomas_k,Photography Product Education,13100,3.14%,27,https://www.kaggle.com/datasets/bhavyadhingra00020/top-100-social-media-influencers-2024-countrywise
Threads,DE,@redbullgermany,,Red Bull Deutschland,https://www.threads.net/@redbullgermany,Entertainment & Music,13000,0.73%,28,https://www.kaggle.com/datasets/bhavyadhingra00020/top-100-social-media-influencers-2024-countrywise
Threads,DE,@daysylatin,,Tu Monitor De Fertilidad,https://www.threads.net/@daysylatin,,12700,0.01%,29,https://www.kaggle.com/datasets/bhavyadhingra00020/top-100-social-media-influencers-2024-countrywise
Threads,DE,@horsepower_hunters,,Thomas Howarth,https://www.threads.net/@horsepower_hunters,Auto and Vehicles,12700,1.14%,30,https://www.kaggle.com/datasets/bhavyadhingra00020/top-100-social-media-influencers-2024-countrywise
Threads,DE,@porsche911uk,,Porsche 911,https://www.threads.net/@porsche911uk,Auto and Vehicles,12700,0.15%,31,https://www.kaggle.com/datasets/bhavyadhingra00020/top-100-social-media-influencers-2024-countrywise
Threads,DE,@lorenzwie,,Lorenz Wiedenmann,https://www.threads.net/@lorenzwie,Fashion & Accessories Sports,11800,0.73%,32,https://www.kaggle.com/datasets/bhavyadhingra00020/top-100-social-media-influencers-2024-countrywise
Threads,DE,@claire.northfield,,Claire Northfield,https://www.threads.net/@claire.northfield,Fashion & Accessories,11700,0.96%,33,https://www.kaggle.com/datasets/bhavyadhingra00020/top-100-social-media-influencers-2024-countrywise
Threads,DE,@nessapreppy,,Nessa Preppy 🇹🇹🇩🇪,https://www.threads.net/@nessapreppy,Entertainment & Music,11300,0.2%,34,https://www.kaggle.com/datasets/bhavyadhingra00020/top-100-social-media-influencers-2024-countrywise
Threads,DE,@vitsoe,,Vitsœ,https://www.threads.net/@vitsoe,Home & Garden,11100,0.21%,35,https://www.kaggle.com/datasets/bhavyadhingra00020/top-100-social-media-influencers-2024-countrywise
Threads,DE,@hodanyousuf,,Hodan Yousuf,https://www.threads.net/@hodanyousuf,Arts & Crafts Photography,10900,1.41%,36,https://www.kaggle.com/datasets/bhavyadhingra00020/top-100-social-media-influencers-2024-countrywise
Threads,DE,@jn,,Joerg Nicht,https://www.threads.net/@jn,Travel Architecture Photography,10800,2.87%,37,https://www.kaggle.com/datasets/bhavyadhingra00020/top-100-social-media-influencers-2024-countrywise
Threads,DE,@25resul,,Resul Altunkaynak,https://www.threads.net/@25resul,Fitness & Health Education,10700,0.41%,38,https://www.kaggle.com/datasets/bhavyadhingra00020/top-100-social-media-influencers-2024-countrywise
Threads,DE,@filis_pina,,Sandra Heinrich Sauceda,https://www.threads.net/@filis_pina,,10700,0.76%,39,https://www.kaggle.com/datasets/bhavyadhingra00020/top-100-social-media-influencers-2024-countrywise
Threads,DE,@agustinmk,,Agustin MK,https://www.threads.net/@agustinmk,,10700,0.47%,40,https://www.kaggle.com/datasets/bhavyadhingra00020/top-100-social-media-influencers-2024-countrywise
Threads,DE,@paperlike,,Paperlike,https://www.threads.net/@paperlike,Product Education Product Showcase,10400,0.07%,41,https://www.kaggle.com/datasets/bhavyadhingra00020/top-100-social-media-influencers-2024-countrywise
Threads,DE,@yiyi.esstisch,,伊伊 / 台中美食 台北美食 日常生活,https://www.threads.net/@yiyi.esstisch,Food Product Showcase,10300,0.63%,42,https://www.kaggle.com/datasets/bhavyadhingra00020/top-100-social-media-influencers-2024-countrywise
Threads,DE,@ibachdim,,Irfan Haarys Bachdim,https://www.threads.net/@ibachdim,Sports,9100,,43,https://www.kaggle.com/datasets/bhavyadhingra00020/top-100-social-media-influencers-2024-countrywise
Threads,DE,@jackwolfskin,,JACK WOLFSKIN,https://www.threads.net/@jackwolfskin,Outdoor Activity,8600,0.53%,44,https://www.kaggle.com/datasets/bhavyadhingra00020/top-100-social-media-influencers-2024-countrywise
Threads,DE,@imemma.z,,Emma Zhuang,https://www.threads.net/@imemma.z,Fashion & Accessories Pets,8400,0.24%,45,https://www.kaggle.com/datasets/bhavyadhingra00020/top-100-social-media-influencers-2024-countrywise
Threads,DE,@missinternationalofficial,,MISS INTERNATIONAL,https://www.threads.net/@missinternationalofficial,Entertainment & Music Fashion & Accessories Romance & Wedding,8300,0.35%,46,https://www.kaggle.com/datasets/bhavyadhingra00020/top-100-social-media-influencers-2024-countrywise
Threads,DE,@krapfhelga,,Helga Krapf,https://www.threads.net/@krapfhelga,Fitness & Health,8000,0.14%,47,https://www.kaggle.com/datasets/bhavyadhingra00020/top-100-social-media-influencers-2024-countrywise
Threads,DE,@meekalina_,,Meeka,https://www.threads.net/@meekalina_,Fashion & Accessories,7400,0.31%,48,https://www.kaggle.com/datasets/bhavyadhingra00020/top-100-social-media-influencers-2024-countrywise
Threads,DE,@marcel_travels,,Marcel Wiest,https://www.threads.net/@marcel_travels,,7400,0.71%,49,https://www.kaggle.com/datasets/bhavyadhingra00020/top-100-social-media-influencers-2024-countrywise
Threads,DE,@driven34,,Driven34,https://www.threads.net/@driven34,Auto and Vehicles,7300,0.92%,50,https://www.kaggle.com/datasets/bhavyadhingra00020/top-100-social-media-influencers-2024-countrywise
Threads,DE,@gustavoanschau,,Gustavo Anschau ⚡️,https://www.threads.net/@gustavoanschau,Entertainment & Music Food,7300,0.2%,51,https://www.kaggle.com/datasets/bhavyadhingra00020/top-100-social-media-influencers-2024-countrywise
Threads,DE,@skgaming,,SK Gaming,https://www.threads.net/@skgaming,Entertainment & Music Games,7300,0.17%,52,https://www.kaggle.com/datasets/bhavyadhingra00020/top-100-social-media-influencers-2024-countrywise
Threads,DE,@davey_perkins,,Davey Perkins,https://www.threads.net/@davey_perkins,Arts & Crafts,7200,2.35%,53,https://www.kaggle.com/datasets/bhavyadhingra00020/top-100-social-media-influencers-2024-countrywise
Threads,DE,@formgestalter,,André Alexander | Germany,https://www.threads.net/@formgestalter,Outdoor Activity Photography,7200,1.01%,54,https://www.kaggle.com/datasets/bhavyadhingra00020/top-100-social-media-influencers-2024-countrywise
Threads,DE,@kicker,,kicker,https://www.threads.net/@kicker,Entertainment & Music Sports,7200,0.11%,55,https://www.kaggle.com/datasets/bhavyadhingra00020/top-100-social-media-influencers-2024-countrywise
Threads,DE,@de_araque,,DE ARAQUE,https://www.threads.net/@de_araque,Fashion & Accessories,7200,0.15%,56,https://www.kaggle.com/datasets/bhavyadhingra00020/top-100-social-media-influencers-2024-countrywise
Threads,DE,@nanniimo,,Nanni 🐯,https://www.threads.net/@nanniimo,Arts & Crafts,7100,3.09%,57,https://www.kaggle.com/datasets/bhavyadhingra00020/top-100-social-media-influencers-2024-countrywise
Threads,DE,@greywiese,,Grey Wiese,https://www.threads.net/@greywiese,,6800,0.19%,58,https://www.kaggle.com/datasets/bhavyadhingra00020/top-100-social-media-influencers-2024-countrywise
Threads,DE,@ebscurlytv,,EBONY : Beauty + Lifestyle,https://www.threads.net/@ebscurlytv,Beauty & Self Care Romance & Wedding Fashion & Accessories,6800,0.14%,59,https://www.kaggle.com/datasets/bhavyadhingra00020/top-100-social-media-influencers-2024-countrywise
Threads,DE,@zuleykasilver,,Zuleyka Silver,https://www.threads.net/@zuleykasilver,Fashion & Accessories,6600,2.3%,60,https://www.kaggle.com/datasets/bhavyadhingra00020/top-100-social-media-influencers-2024-countrywise
Threads,DE,@vweigmann,,Valerie Weigmann,https://www.threads.net/@vweigmann,Travel Upskilling,6600,,61,https://www.kaggle.com/datasets/bhavyadhingra00020/top-100-social-media-influencers-2024-countrywise
Threads,DE,@xmioart,,MIO,https://www.threads.net/@xmioart,Arts & Crafts Animation & Cosplay,6600,9.94%,62,https://www.kaggle.com/datasets/bhavyadhingra00020/top-100-social-media-influencers-2024-countrywise
Threads,DE,@ulresch,,Ulrich Esch,https://www.threads.net/@ulresch,Technology Fitness & Health,6500,0.36%,63,https://www.kaggle.com/datasets/bhavyadhingra00020/top-100-social-media-influencers-2024-countrywise
Threads,DE,@cweigend7,,Carolina Weigend,https://www.threads.net/@cweigend7,Sports,6500,0.59%,64,https://www.kaggle.com/datasets/bhavyadhingra00020/top-100-social-media-influencers-2024-countrywise
Threads,DE,@musicbylukas,,musicbyLukas,https://www.threads.net/@musicbylukas,Entertainment & Music Upskilling,6400,0.41%,65,https://www.kaggle.com/datasets/bhavyadhingra00020/top-100-social-media-influencers-2024-countrywise
Threads,DE,@manueldietrichphotography,,Manuel Dietrich | Germany 🇩🇪 | Travel | Hiking,https://www.threads.net/@manueldietrichphotography,Photography Travel,6100,,66,https://www.kaggle.com/datasets/bhavyadhingra00020/top-100-social-media-influencers-2024-countrywise
Threads,DE,@erictriesit,,Eric🍰Baking and Recipes,https://www.threads.net/@erictriesit,Entertainment & Music Funny,6100,0.2%,67,https://www.kaggle.com/datasets/bhavyadhingra00020/top-100-social-media-influencers-2024-countrywise
Threads,DE,@gholipourmohamad,,Mohamad Gholipour محمد قلی پور,https://www.threads.net/@gholipourmohamad,Education,5400,0.3%,68,https://www.kaggle.com/datasets/bhavyadhingra00020/top-100-social-media-influencers-2024-countrywise
Threads,DE,@makeupbygermany,,Germany Limehouse,https://www.threads.net/@makeupbygermany,Beauty & Self Care,5200,0.25%,69,https://www.kaggle.com/datasets/bhavyadhingra00020/top-100-social-media-influencers-2024-countrywise
Threads,DE,@malek_bsh,,Malek Shaban,https://www.threads.net/@malek_bsh,Arts & Crafts Fashion & Accessories Fitness & Health,5200,1.52%,70,https://www.kaggle.com/datasets/bhavyadhingra00020/top-100-social-media-influencers-2024-countrywise
Threads,DE,@armytrix_official,,ARMYTRIX Automotive Weaponized,https://www.threads.net/@armytrix_official,Auto and Vehicles,5200,0.24%,71,https://www.kaggle.com/datasets/bhavyadhingra00020/top-100-social-media-influencers-2024-countrywise
Threads,DE,@lauraanika,,Laura Barber,https://www.threads.net/@lauraanika,Travel Outdoor Activity,5000,0.19%,72,https://www.kaggle.com/datasets/bhavyadhingra00020/top-100-social-media-influencers-2024-countrywise
Threads,DE,@hayki34,,Hayki,https://www.threads.net/@hayki34,Music Entertainment,5000,1%,73,https://www.kaggle.com/datasets/bhavyadhingra00020/top-100-social-media-influencers-2024-countrywise
Threads,DE,@realpostillon,,Der Postillon 📯,https://www.threads.net/@realpostillon,Funny Education,4800,1.26%,74,https://www.kaggle.com/datasets/bhavyadhingra00020/top-100-social-media-influencers-2024-countrywise
Threads,DE,@jesiree,,j e s i r e e ™,https://www.threads.net/@jesiree,Arts & Crafts Entertainment & Music Fashion & Accessories,4700,0.69%,75,https://www.kaggle.com/datasets/bhavyadhingra00020/top-100-social-media-influencers-2024-countrywise
Threads,DE,@hemmerle,,Hemmerle,https://www.threads.net/@hemmerle,Fashion & Accessories,4600,0.37%,76,https://www.kaggle.com/datasets/bhavyadhingra00020/top-100-social-media-influencers-2024-countrywise
Threads,DE,@fepacheco,,Felipe Pacheco,https://www.threads.net/@fepacheco,Education,4500,0.54%,77,https://www.kaggle.com/datasets/bhavyadhingra00020/top-100-social-media-influencers-2024-countrywise
Threads,DE,@therealjanboehmermann,,Jan Böhmermann,https://www.threads.net/@therealjanboehmermann,Entertainment & Music,4500,5.34%,78,https://www.kaggle.com/datasets/bhavyadhingra00020/top-100-social-media-influencers-2024-countrywise
Threads,DE,@regina.baltic,,Regina | 𝘤𝘳𝘦𝘢𝘵𝘰𝘳,https://www.threads.net/@regina.baltic,Travel family Lifestyle,4400,0.35%,79,https://www.kaggle.com/datasets/bhavyadhingra00020/top-100-social-media-influencers-2024-countrywise
Threads,DE,@_beyonce_my_life__,,🐝👑 ＢＥＹＯＮＣＥ 👑🐝,https://www.threads.net/@_beyonce_my_life__,Entertainment & Music,4400,3.21%,80,https://www.kaggle.com/datasets/bhavyadhingra00020/top-100-social-media-influencers-2024-countrywise
Threads,DE,@travelmadmum,,TRAVEL MAD MUM 🌱,https://www.threads.net/@travelmadmum,family Travel,4400,0.15%,81,https://www.kaggle.com/datasets/bhavyadhingra00020/top-100-social-media-influencers-2024-countrywise
Threads,DE,@t1dso,,Tristan de Saint Ouen 🏁,https://www.threads.net/@t1dso,Auto and Vehicles,4100,0.22%,82,https://www.kaggle.com/datasets/bhavyadhingra00020/top-100-social-media-influencers-2024-countrywise
Threads,DE,@bharatingermany,,Bharat Chaudhary,https://www.threads.net/@bharatingermany,Education Upskilling,4000,0.48%,83,https://www.kaggle.com/datasets/bhavyadhingra00020/top-100-social-media-influencers-2024-countrywise
Threads,DE,@wackenopenair.official,,Wacken Open Air,https://www.threads.net/@wackenopenair.official,Entertainment & Music,4000,1.16%,84,https://www.kaggle.com/datasets/bhavyadhingra00020/top-100-social-media-influencers-2024-countrywise
Threads,DE,@sohi.malih,,Sohi Malih,https://www.threads.net/@sohi.malih,Arts & Crafts DIY & Life Hacks Product Showcase,3900,0.08%,85,https://www.kaggle.com/datasets/bhavyadhingra00020/top-100-social-media-influencers-2024-countrywise
Threads,DE,@boenischalex,,Alex Bönisch,https://www.threads.net/@boenischalex,Photography,3900,0.81%,86,https://www.kaggle.com/datasets/bhavyadhingra00020/top-100-social-media-influencers-2024-countrywise
Threads,DE,@moee,,Mo,https://www.threads.net/@moee,Entertainment & Music,3800,0.25%,87,https://www.kaggle.com/datasets/bhavyadhingra00020/top-100-social-media-influencers-2024-countrywise
Threads,DE,@raafia_awan,,Rafia Awan🧿,https://www.threads.net/@raafia_awan,Education,3800,0.15%,88,https://www.kaggle.com/datasets/bhavyadhingra00020/top-100-social-media-influencers-2024-countrywise
Threads,DE,@maxleitner,,Max Leitner,https://www.threads.net/@maxleitner,Photography Arts & Crafts,3700,0.16%,89,https://www.kaggle.com/datasets/bhavyadhingra00020/top-100-social-media-influencers-2024-countrywise
Threads,DE,@ilayda_xo,,Ilayda Louise Kose,https://www.threads.net/@ilayda_xo,Travel,3700,0.14%,90,https://www.kaggle.com/datasets/bhavyadhingra00020/top-100-social-media-influencers-2024-countrywise
Threads,DE,@maripavanelli,,Mari Pavanelli,https://www.threads.net/@maripavanelli,Arts & Crafts,3600,0.41%,91,https://www.kaggle.com/datasets/bhavyadhingra00020/top-100-social-media-influencers-2024-countrywise
Threads,DE,@isfandiary5,,ISFANDIARY5,https://www.threads.net/@isfandiary5,Arts & Crafts Photography Travel Fashion & Accessories,3500,,92,https://www.kaggle.com/datasets/bhavyadhingra00020/top-100-social-media-influencers-2024-countrywise
Threads,DE,@simongrossmann,,Simon Grossmann,https://www.threads.net/@simongrossmann,Entertainment & Music,3400,0.4%,93,https://www.kaggle.com/datasets/bhavyadhingra00020/top-100-social-media-influencers-2024-countrywise
Threads,DE,@bk_tattooer,,BK,https://www.threads.net/@bk_tattooer,Arts & Crafts,3200,,94,https://www.kaggle.com/datasets/bhavyadhingra00020/top-100-social-media-influencers-2024-countrywise
Threads,DE,@bader.jendoubi,,BADER JENDOUBI 💫,https://www.threads.net/@bader.jendoubi,Travel Sports Auto and Vehicles Photography,3200,0.31%,95,https://www.kaggle.com/datasets/bhavyadhingra00020/top-100-social-media-influencers-2024-countrywise
Threads,DE,@austyn,,austyn,https://www.threads.net/@austyn,Arts & Crafts,3200,,96,https://www.kaggle.com/datasets/bhavyadhingra00020/top-100-social-media-influencers-2024-countrywise
Threads,DE,@y.illustrations,,Yanii Putrii,https://www.threads.net/@y.illustrations,Arts & Crafts,3100,0.92%,97,https://www.kaggle.com/datasets/bhavyadhingra00020/top-100-social-media-influencers-2024-countrywise
Threads,DE,@hypetobs,,Tobias Platzer | Sneaker | Fashion | Edits,https://www.threads.net/@hypetobs,Fashion & Accessories,3000,0.17%,98,https://www.kaggle.com/datasets/bhavyadhingra00020/top-100-social-media-influencers-2024-countrywise
Threads,DE,@alexkibb,,Alexander Kibble,https://www.threads.net/@alexkibb,Photography,3000,4.74%,99,https://www.kaggle.com/datasets/bhavyadhingra00020/top-100-social-media-influencers-2024-countrywise
Threads,DE,@stephan_bauer,,Stephan Bauer,https://www.threads.net/@stephan_bauer,Travel,3000,0.71%,100,https://www.kaggle.com/datasets/bhavyadhingra00020/top-100-social-media-influencers-2024-countrywise
TikTok,DE,@sinadeinert,,sinadeinert,https://www.tiktok.com/@sinadeinert,,5700000,0.1%,1,https://www.kaggle.com/datasets/bhavyadhingra00020/top-100-social-media-influencers-2024-countrywise
TikTok,DE,@youneszar,,YZ,https://www.tiktok.com/@youneszar,Entertainment and Music,4400000,,2,https://www.kaggle.com/datasets/bhavyadhingra00020/top-100-social-media-influencers-2024-countrywise
TikTok,DE,@enriquestory,,Enrique,https://www.tiktok.com/@enriquestory,Arts and Crafts,4100000,,3,https://www.kaggle.com/datasets/bhavyadhingra00020/top-100-social-media-influencers-2024-countrywise
TikTok,DE,@juliabeautx,,Julia Beautx,https://www.tiktok.com/@juliabeautx,Beauty and Self Care Education Product Education Product Showcase,3800000,,4,https://www.kaggle.com/datasets/bhavyadhingra00020/top-100-social-media-influencers-2024-countrywise
TikTok,DE,@andrewglazunov,,Andrew Glazunov,https://www.tiktok.com/@andrewglazunov,,3700000,,5,https://www.kaggle.com/datasets/bhavyadhingra00020/top-100-social-media-influencers-2024-countrywise
TikTok,DE,@jeremyfragrance,,Jeremy Fragrance,https://www.tiktok.com/@jeremyfragrance,Beauty and Self Care Entertainment and Music,3600000,,6,https://www.kaggle.com/datasets/bhavyadhingra00020/top-100-social-media-influencers-2024-countrywise
TikTok,DE,@toni.kr8s_academy,,toni.kr8s_academy,https://www.tiktok.com/@toni.kr8s_academy,Sports,3100000,,7,https://www.kaggle.com/datasets/bhavyadhingra00020/top-100-social-media-influencers-2024-countrywise
TikTok,DE,@foodie.beats,,foodie beats,https://www.tiktok.com/@foodie.beats,Food,2900000,,8,https://www.kaggle.com/datasets/bhavyadhingra00020/top-100-social-media-influencers-2024-countrywise
TikTok,DE,@tinaneumann,,tinaneumann,https://www.tiktok.com/@tinaneumann,,2800000,,9,https://www.kaggle.com/datasets/bhavyadhingra00020/top-100-social-media-influencers-2024-countrywise
TikTok,DE,@andrea_subotic,,AИDREA,https://www.tiktok.com/@andrea_subotic,Entertainment and Music,2800000,,10,https://www.kaggle.com/datasets/bhavyadhingra00020/top-100-social-media-influencers-2024-countrywise
TikTok,DE,@fabian.baggeler,,Fabian Maurice Baggeler,https://www.tiktok.com/@fabian.baggeler,Entertainment and Music,2700000,,11,https://www.kaggle.com/datasets/bhavyadhingra00020/top-100-social-media-influencers-2024-countrywise
TikTok,DE,@laskynn,,Serge❤️,https://www.tiktok.com/@laskynn,Fashion and Accessories,2700000,,12,https://www.kaggle.com/datasets/bhavyadhingra00020/top-100-social-media-influencers-2024-countrywise
TikTok,DE,@laurasophie,,Laura Sophie,https://www.tiktok.com/@laurasophie,,2600000,,13,https://www.kaggle.com/datasets/bhavyadhingra00020/top-100-social-media-influencers-2024-countrywise
TikTok,DE,@tykowkaaa,,Любовь,https://www.tiktok.com/@tykowkaaa,,2600000,,14,https://www.kaggle.com/datasets/bhavyadhingra00020/top-100-social-media-influencers-2024-countrywise
TikTok,DE,@mariia.well,,Mariia Well,https://www.tiktok.com/@mariia.well,,2500000,,15,https://www.kaggle.com/datasets/bhavyadhingra00020/top-100-social-media-influencers-2024-countrywise
TikTok,DE,@irinkamagic,,Irina,https://www.tiktok.com/@irinkamagic,Entertainment and Music,2400000,,16,https://www.kaggle.com/datasets/bhavyadhingra00020/top-100-social-media-influencers-2024-countrywise
TikTok,DE,@mikesinger,,Mike Singer,https://www.tiktok.com/@mikesinger,Entertainment and Music,2400000,,17,https://www.kaggle.com/datasets/bhavyadhingra00020/top-100-social-media-influencers-2024-countrywise
TikTok,DE,@dr.ismaeilaltourad,,د.اسماعيل الطراد 🇩🇪,https://www.tiktok.com/@dr.ismaeilaltourad,Education,2300000,0.2%,18,https://www.kaggle.com/datasets/bhavyadhingra00020/top-100-social-media-influencers-2024-countrywise
TikTok,DE,@typischcalvin,,TypischCalvin 🇩🇪,https://www.tiktok.com/@typischcalvin,Entertainment and Music,2300000,,19,https://www.kaggle.com/datasets/bhavyadhingra00020/top-100-social-media-influencers-2024-countrywise
TikTok,DE,@e.l.u.c.e.y,,Lucy🌸🍃,https://www.tiktok.com/@e.l.u.c.e.y,Education Arts and Crafts,2300000,,20,https://www.kaggle.com/datasets/bhavyadhingra00020/top-100-social-media-influencers-2024-countrywise
TikTok,DE,@elsuizolatino,,Michael Gerber,https://www.tiktok.com/@elsuizolatino,,2200000,,21,https://www.kaggle.com/datasets/bhavyadhingra00020/top-100-social-media-influencers-2024-countrywise
TikTok,DE,@derya.tavas,,Derya,https://www.tiktok.com/@derya.tavas,Beauty and Self Care,2100000,0.1%,22,https://www.kaggle.com/datasets/bhavyadhingra00020/top-100-social-media-influencers-2024-countrywise
TikTok,DE,@mylifeasjul,,Jul 💘,https://www.tiktok.com/@mylifeasjul,Fashion and Accessories,2100000,,23,https://www.kaggle.com/datasets/bhavyadhingra00020/top-100-social-media-influencers-2024-countrywise
TikTok,DE,@niclas.kuri,,Niclas,https://www.tiktok.com/@niclas.kuri,,2000000,,24,https://www.kaggle.com/datasets/bhavyadhingra00020/top-100-social-media-influencers-2024-countrywise
TikTok,DE,@senddicted,,SENDDICTED,https://www.tiktok.com/@senddicted,,2000000,,25,https://www.kaggle.com/datasets/bhavyadhingra00020/top-100-social-media-influencers-2024-countrywise
TikTok,DE,@latifa.style,,🇩🇪أميرة❤️ الأناقة 🇲🇦,https://www.tiktok.com/@latifa.style,Beauty and Self Care Fashion and Accessories,2000000,,26,https://www.kaggle.com/datasets/bhavyadhingra00020/top-100-social-media-influencers-2024-countrywise
TikTok,DE,@wissensbert,,wissensbert,https://www.tiktok.com/@wissensbert,Education,2000000,0.1%,27,https://www.kaggle.com/datasets/bhavyadhingra00020/top-100-social-media-influencers-2024-countrywise
TikTok,DE,@chris_boehm,,Chris Böhm,https://www.tiktok.com/@chris_boehm,Entertainment and Music,1800000,,28,https://www.kaggle.com/datasets/bhavyadhingra00020/top-100-social-media-influencers-2024-countrywise
TikTok,DE,@henry.ng,,Henry Nguyen,https://www.tiktok.com/@henry.ng,,1800000,,29,https://www.kaggle.com/datasets/bhavyadhingra00020/top-100-social-media-influencers-2024-countrywise
TikTok,DE,@haofx,,Hao,https://www.tiktok.com/@haofx,Entertainment and Music,1700000,1.3%,30,https://www.kaggle.com/datasets/bhavyadhingra00020/top-100-social-media-influencers-2024-countrywise
TikTok,DE,@liamcarps,,Liam Carpenter,https://www.tiktok.com/@liamcarps,Funny,1600000,7%,31,https://www.kaggle.com/datasets/bhavyadhingra00020/top-100-social-media-influencers-2024-countrywise
TikTok,DE,@xeniaadonts,,Xenia Adonts,https://www.tiktok.com/@xeniaadonts,Fashion and Accessories,1500000,,32,https://www.kaggle.com/datasets/bhavyadhingra00020/top-100-social-media-influencers-2024-countrywise
TikTok,DE,@rezo,,Rezo,https://www.tiktok.com/@rezo,,1500000,0.1%,33,https://www.kaggle.com/datasets/bhavyadhingra00020/top-100-social-media-influencers-2024-countrywise
TikTok,DE,@sine0,,𝐶𝑖𝑛𝑡𝑖𝑦𝑎 BB,https://www.tiktok.com/@sine0,Entertainment and Music,1500000,,34,https://www.kaggle.com/datasets/bhavyadhingra00020/top-100-social-media-influencers-2024-countrywise
TikTok,DE,@imsem.diary,,🇹🇷𝑆𝐸𝑀𝐼𝐻 & 𝐼𝑀𝐴𝑁🇩🇪,https://www.tiktok.com/@imsem.diary,Entertainment and Music,1400000,0.1%,35,https://www.kaggle.com/datasets/bhavyadhingra00020/top-100-social-media-influencers-2024-countrywise
TikTok,DE,@mrsxanna.lyx,,mrsxanna.lyx,https://www.tiktok.com/@mrsxanna.lyx,,1400000,,36,https://www.kaggle.com/datasets/bhavyadhingra00020/top-100-social-media-influencers-2024-countrywise
TikTok,DE,@canderkoch,,Can Der Koch,https://www.tiktok.com/@canderkoch,Entertainment and Music,1400000,,37,https://www.kaggle.com/datasets/bhavyadhingra00020/top-100-social-media-influencers-2024-countrywise
TikTok,DE,@davide__scibetta,,Davide Scibetta,https://www.tiktok.com/@davide__scibetta,Beauty and Self Care,1300000,,38,https://www.kaggle.com/datasets/bhavyadhingra00020/top-100-social-media-influencers-2024-countrywise
TikTok,DE,@jihoneysweet,,Jihoon Kim,https://www.tiktok.com/@jihoneysweet,,1300000,,39,https://www.kaggle.com/datasets/bhavyadhingra00020/top-100-social-media-influencers-2024-countrywise
TikTok,DE,@ducuri.gmv,,Uri,https://www.tiktok.com/@ducuri.gmv,Entertainment and Music,1300000,,40,https://www.kaggle.com/datasets/bhavyadhingra00020/top-100-social-media-influencers-2024-countrywise
TikTok,DE,@nictures,,Nictures,https://www.tiktok.com/@nictures,Arts and Crafts Photography,1200000,,41,https://www.kaggle.com/datasets/bhavyadhingra00020/top-100-social-media-influencers-2024-countrywise
TikTok,DE,@weniamin_schmidt,,Weniamin Schmidt,https://www.tiktok.com/@weniamin_schmidt,,1100000,1.8%,42,https://www.kaggle.com/datasets/bhavyadhingra00020/top-100-social-media-influencers-2024-countrywise
TikTok,DE,@melikes.kitchen,,Melikes.kitchen,https://www.tiktok.com/@melikes.kitchen,Food,1100000,,43,https://www.kaggle.com/datasets/bhavyadhingra00020/top-100-social-media-influencers-2024-countrywise
TikTok,DE,@paula.plsi,,Paula🤍,https://www.tiktok.com/@paula.plsi,Beauty and Self Care Life and Society,1100000,,44,https://www.kaggle.com/datasets/bhavyadhingra00020/top-100-social-media-influencers-2024-countrywise
TikTok,DE,@netflixde,,NetflixDE,https://www.tiktok.com/@netflixde,Entertainment and Music Video Gaming,1100000,,45,https://www.kaggle.com/datasets/bhavyadhingra00020/top-100-social-media-influencers-2024-countrywise
TikTok,DE,@next8level,,Next Level,https://www.tiktok.com/@next8level,Funny Entertainment and Music,1100000,,46,https://www.kaggle.com/datasets/bhavyadhingra00020/top-100-social-media-influencers-2024-countrywise
TikTok,DE,@bestattungenburger,,bestattungenburger,https://www.tiktok.com/@bestattungenburger,,1100000,0.1%,47,https://www.kaggle.com/datasets/bhavyadhingra00020/top-100-social-media-influencers-2024-countrywise
TikTok,DE,@denki.darling,,⚡️ DENKI DARLING ⚡️,https://www.tiktok.com/@denki.darling,,1100000,,48,https://www.kaggle.com/datasets/bhavyadhingra00020/top-100-social-media-influencers-2024-countrywise
TikTok,DE,@felixfranciscoleg,,@felixfranciscoleg,https://www.tiktok.com/@felixfranciscoleg,,1000000,,49,https://www.kaggle.com/datasets/bhavyadhingra00020/top-100-social-media-influencers-2024-countrywise
TikTok,DE,@michael__smolik,,Michael Smolik,https://www.tiktok.com/@michael__smolik,Entertainment and Music,1000000,,50,https://www.kaggle.com/datasets/bhavyadhingra00020/top-100-social-media-influencers-2024-countrywise
TikTok,DE,@marvintsp,,Marvintsp,https://www.tiktok.com/@marvintsp,Entertainment and Music,997600,,51,https://www.kaggle.com/datasets/bhavyadhingra00020/top-100-social-media-influencers-2024-countrywise
TikTok,DE,@baseweekly,,baseweekly,https://www.tiktok.com/@baseweekly,Sports,987000,,52,https://www.kaggle.com/datasets/bhavyadhingra00020/top-100-social-media-influencers-2024-countrywise
TikTok,DE,@iamlinos,,Linos,https://www.tiktok.com/@iamlinos,Entertainment and Music,983900,,53,https://www.kaggle.com/datasets/bhavyadhingra00020/top-100-social-media-influencers-2024-countrywise
TikTok,DE,@madisonbeer_clips,,madison beer,https://www.tiktok.com/@madisonbeer_clips,,983800,0.1%,54,https://www.kaggle.com/datasets/bhavyadhingra00020/top-100-social-media-influencers-2024-countrywise
TikTok,DE,@farukaltiinok,,Faruk,https://www.tiktok.com/@farukaltiinok,,983300,0.1%,55,https://www.kaggle.com/datasets/bhavyadhingra00020/top-100-social-media-influencers-2024-countrywise
TikTok,DE,@armineagle,,Armin Eagle,https://www.tiktok.com/@armineagle,,981700,,56,https://www.kaggle.com/datasets/bhavyadhingra00020/top-100-social-media-influencers-2024-countrywise
TikTok,DE,@grubliebe,,༒ . GRUBLIEBE . ༒,https://www.tiktok.com/@grubliebe,,980000,,57,https://www.kaggle.com/datasets/bhavyadhingra00020/top-100-social-media-influencers-2024-countrywise
TikTok,DE,@teamyasta,,Teamyasta,https://www.tiktok.com/@teamyasta,Entertainment and Music family,978800,,58,https://www.kaggle.com/datasets/bhavyadhingra00020/top-100-social-media-influencers-2024-countrywise
TikTok,DE,@mzayen1996,,مزين 🌸🎀,https://www.tiktok.com/@mzayen1996,,970400,,59,https://www.kaggle.com/datasets/bhavyadhingra00020/top-100-social-media-influencers-2024-countrywise
TikTok,DE,@annajamfm,,Anna Jamfm,https://www.tiktok.com/@annajamfm,,967900,,60,https://www.kaggle.com/datasets/bhavyadhingra00020/top-100-social-media-influencers-2024-countrywise
TikTok,DE,@vandiego.rico,,"Sarah, Van Diego & Rico",https://www.tiktok.com/@vandiego.rico,Pets Sports,967700,,61,https://www.kaggle.com/datasets/bhavyadhingra00020/top-100-social-media-influencers-2024-countrywise
TikTok,DE,@heylea,,Lea,https://www.tiktok.com/@heylea,Outdoor Activity,962400,,62,https://www.kaggle.com/datasets/bhavyadhingra00020/top-100-social-media-influencers-2024-countrywise
TikTok,DE,@nikothec,,🅝🅘🅚🅞,https://www.tiktok.com/@nikothec,Education Product Education,958700,0.5%,63,https://www.kaggle.com/datasets/bhavyadhingra00020/top-100-social-media-influencers-2024-countrywise
TikTok,DE,@asmirbeatbox21614,,asmir,https://www.tiktok.com/@asmirbeatbox21614,,958300,,64,https://www.kaggle.com/datasets/bhavyadhingra00020/top-100-social-media-influencers-2024-countrywise
TikTok,DE,@janis.danner,,Janis_danner,https://www.tiktok.com/@janis.danner,,958200,,65,https://www.kaggle.com/datasets/bhavyadhingra00020/top-100-social-media-influencers-2024-countrywise
TikTok,DE,@iamzuckerpuppe,,iamzuckerpuppe,https://www.tiktok.com/@iamzuckerpuppe,Funny,957100,,66,https://www.kaggle.com/datasets/bhavyadhingra00020/top-100-social-media-influencers-2024-countrywise
TikTok,DE,@flo.fs,,Florian Kaulen,https://www.tiktok.com/@flo.fs,Sports,954800,,67,https://www.kaggle.com/datasets/bhavyadhingra00020/top-100-social-media-influencers-2024-countrywise
TikTok,DE,@notselma,,Selma🤠,https://www.tiktok.com/@notselma,Fashion and Accessories,951700,,68,https://www.kaggle.com/datasets/bhavyadhingra00020/top-100-social-media-influencers-2024-countrywise
TikTok,DE,@janakaaplen,,Angel 🌷,https://www.tiktok.com/@janakaaplen,,948300,,69,https://www.kaggle.com/datasets/bhavyadhingra00020/top-100-social-media-influencers-2024-countrywise
TikTok,DE,@1halay1dans,,1halay1dans,https://www.tiktok.com/@1halay1dans,,946400,,70,https://www.kaggle.com/datasets/bhavyadhingra00020/top-100-social-media-influencers-2024-countrywise
TikTok,DE,@heydima1,,Hey Dima,https://www.tiktok.com/@heydima1,Entertainment and Music Funny,945000,0.5%,71,https://www.kaggle.com/datasets/bhavyadhingra00020/top-100-social-media-influencers-2024-countrywise
TikTok,DE,@mx.gialu,,Gialu | Gio,https://www.tiktok.com/@mx.gialu,Beauty and Self Care,941700,,72,https://www.kaggle.com/datasets/bhavyadhingra00020/top-100-social-media-influencers-2024-countrywise
TikTok,DE,@lucamolisina,,luca,https://www.tiktok.com/@lucamolisina,Food,941500,,73,https://www.kaggle.com/datasets/bhavyadhingra00020/top-100-social-media-influencers-2024-countrywise
TikTok,DE,@meraki.mami,,Bella,https://www.tiktok.com/@meraki.mami,family Pets,940400,,74,https://www.kaggle.com/datasets/bhavyadhingra00020/top-100-social-media-influencers-2024-countrywise
TikTok,DE,@adhdvision,,Nik,https://www.tiktok.com/@adhdvision,Education Fitness and Health,937700,0.1%,75,https://www.kaggle.com/datasets/bhavyadhingra00020/top-100-social-media-influencers-2024-countrywise
TikTok,DE,@mexify,,Mexify,https://www.tiktok.com/@mexify,,936900,0.6%,76,https://www.kaggle.com/datasets/bhavyadhingra00020/top-100-social-media-influencers-2024-countrywise
TikTok,DE,@joeysjungle,,joeysjungle,https://www.tiktok.com/@joeysjungle,,931600,0.1%,77,https://www.kaggle.com/datasets/bhavyadhingra00020/top-100-social-media-influencers-2024-countrywise
TikTok,DE,@therealknossi,,Knossi 🤴,https://www.tiktok.com/@therealknossi,Entertainment and Music Games,931400,,78,https://www.kaggle.com/datasets/bhavyadhingra00020/top-100-social-media-influencers-2024-countrywise
TikTok,DE,@nbao.t,,nbao.t,https://www.tiktok.com/@nbao.t,Entertainment and Music,930700,2%,79,https://www.kaggle.com/datasets/bhavyadhingra00020/top-100-social-media-influencers-2024-countrywise
TikTok,DE,@zahrairm,,𝑧𝑎ℎ𝑟𝑎 𓆩❤︎𓆪,https://www.tiktok.com/@zahrairm,Fashion and Accessories Beauty and Self Care,930000,,80,https://www.kaggle.com/datasets/bhavyadhingra00020/top-100-social-media-influencers-2024-countrywise
TikTok,DE,@tims_minecraft_memes_de,,Tims Minecraft Memes,https://www.tiktok.com/@tims_minecraft_memes_de,Video Gaming,929600,,81,https://www.kaggle.com/datasets/bhavyadhingra00020/top-100-social-media-influencers-2024-countrywise
TikTok,DE,@dustintt,,DustinTT,https://www.tiktok.com/@dustintt,,929200,,82,https://www.kaggle.com/datasets/bhavyadhingra00020/top-100-social-media-influencers-2024-countrywise
TikTok,DE,@grenzgaenger_official,,Grenzgaenger,https://www.tiktok.com/@grenzgaenger_official,,929100,,83,https://www.kaggle.com/datasets/bhavyadhingra00020/top-100-social-media-influencers-2024-countrywise
TikTok,DE,@mamaafrikaa1,,Mamaafrika ❤️,https://www.tiktok.com/@mamaafrikaa1,Fashion and Accessories,928000,,84,https://www.kaggle.com/datasets/bhavyadhingra00020/top-100-social-media-influencers-2024-countrywise
TikTok,DE,@cheerbrothersmusic,,CheerBrothers | Music & Fun ✅,https://www.tiktok.com/@cheerbrothersmusic,Entertainment and Music,927100,,85,https://www.kaggle.com/datasets/bhavyadhingra00020/top-100-social-media-influencers-2024-countrywise
TikTok,DE,@deichmann,,Deichmann,https://www.tiktok.com/@deichmann,Fashion and Accessories,926600,,86,https://www.kaggle.com/datasets/bhavyadhingra00020/top-100-social-media-influencers-2024-countrywise
TikTok,DE,@vietshao,,Viet,https://www.tiktok.com/@vietshao,Entertainment and Music,923000,5.8%,87,https://www.kaggle.com/datasets/bhavyadhingra00020/top-100-social-media-influencers-2024-countrywise
TikTok,DE,@kamaal_official,,Official Kamaal,https://www.tiktok.com/@kamaal_official,,920500,,88,https://www.kaggle.com/datasets/bhavyadhingra00020/top-100-social-media-influencers-2024-countrywise
TikTok,DE,@rbahdablouni,,نور🌸,https://www.tiktok.com/@rbahdablouni,,919900,,89,https://www.kaggle.com/datasets/bhavyadhingra00020/top-100-social-media-influencers-2024-countrywise
TikTok,DE,@kingluigeee,,KingLuigee,https://www.tiktok.com/@kingluigeee,,919400,,90,https://www.kaggle.com/datasets/bhavyadhingra00020/top-100-social-media-influencers-2024-countrywise
TikTok,DE,@maytemeyer,,mayte meyer :),https://www.tiktok.com/@maytemeyer,Entertainment and Music,915600,,91,https://www.kaggle.com/datasets/bhavyadhingra00020/top-100-social-media-influencers-2024-countrywise
TikTok,DE,@sebpic_,,sebpic,https://www.tiktok.com/@sebpic_,Travel,914700,,92,https://www.kaggle.com/datasets/bhavyadhingra00020/top-100-social-media-influencers-2024-countrywise
TikTok,DE,@can_alihan,,can_alihan,https://www.tiktok.com/@can_alihan,,912200,0.1%,93,https://www.kaggle.com/datasets/bhavyadhingra00020/top-100-social-media-influencers-2024-countrywise
TikTok,DE,@real.doppelganger,,Doppelgänger,https://www.tiktok.com/@real.doppelganger,Entertainment and Music,910300,11.4%,94,https://www.kaggle.com/datasets/bhavyadhingra00020/top-100-social-media-influencers-2024-countrywise
TikTok,DE,@rebeccamir,,Rebecca Mir,https://www.tiktok.com/@rebeccamir,Fashion and Accessories Celebrity,905200,,95,https://www.kaggle.com/datasets/bhavyadhingra00020/top-100-social-media-influencers-2024-countrywise
TikTok,DE,@respect__boss13,,Khubaib_alhamad,https://www.tiktok.com/@respect__boss13,,904800,,96,https://www.kaggle.com/datasets/bhavyadhingra00020/top-100-social-media-influencers-2024-countrywise
TikTok,DE,@amine_el_marroki,,@Amine_el_marroki,https://www.tiktok.com/@amine_el_marroki,,904400,,97,https://www.kaggle.com/datasets/bhavyadhingra00020/top-100-social-media-influencers-2024-countrywise
TikTok,DE,@_marquise,,MarquiseNF™,https://www.tiktok.com/@_marquise,Entertainment and Music,896600,0.5%,98,https://www.kaggle.com/datasets/bhavyadhingra00020/top-100-social-media-influencers-2024-countrywise
TikTok,DE,@trashohr,,glam garbage,https://www.tiktok.com/@trashohr,Beauty and Self Care,896300,,99,https://www.kaggle.com/datasets/bhavyadhingra00020/top-100-social-media-influencers-2024-countrywise
TikTok,DE,@nzuumk,,NICK🧑🏼‍🦱,https://www.tiktok.com/@nzuumk,,893200,,100,https://www.kaggle.com/datasets/bhavyadhingra00020/top-100-social-media-influencers-2024-countrywise
YouTube,DE,,UCqsS8fU6yVxrJr5y_CoUn3w,HaerteTest,https://www.youtube.com/channel/UCqsS8fU6yVxrJr5y_CoUn3w,,19900000,,1,https://www.kaggle.com/datasets/bhavyadhingra00020/top-100-social-media-influencers-2024-countrywise
YouTube,DE,,UCVEDZVtA5NUtjxSXHjtvkag,Kinder Spielzeug Kanal,https://www.youtube.com/channel/UCVEDZVtA5NUtjxSXHjtvkag,,19300000,,2,https://www.kaggle.com/datasets/bhavyadhingra00020/top-100-social-media-influencers-2024-countrywise
YouTube,DE,,UCAon55hNT6ESbdQ5y1hRWTA,Ice Cream Rolls,https://www.youtube.com/channel/UCAon55hNT6ESbdQ5y1hRWTA,,12200000,,3,https://www.kaggle.com/datasets/bhavyadhingra00020/top-100-social-media-influencers-2024-countrywise
YouTube,DE,,UChVRfsT_ASBZk10o0An7Ucg,Pamela Reif,https://www.youtube.com/channel/UChVRfsT_ASBZk10o0An7Ucg,Fitness,8800000,0.1%,4,https://www.kaggle.com/datasets/bhavyadhingra00020/top-100-social-media-influencers-2024-countrywise
YouTube,DE,,UCC9h3H-sGrvqd2otknZntsQ,freekickerz,https://www.youtube.com/channel/UCC9h3H-sGrvqd2otknZntsQ,,8700000,,5,https://www.kaggle.com/datasets/bhavyadhingra00020/top-100-social-media-influencers-2024-countrywise
YouTube,DE,,UC-CSyyi47VX1lD9zyeABW3w,Dhruv Rathee,https://www.youtube.com/channel/UC-CSyyi47VX1lD9zyeABW3w,,8100000,2.5%,6,https://www.kaggle.com/datasets/bhavyadhingra00020/top-100-social-media-influencers-2024-countrywise
YouTube,DE,,UCsaKxIA9snv1Wrh_sw1DFvg,The Voice Kids,https://www.youtube.com/channel/UCsaKxIA9snv1Wrh_sw1DFvg,News,7300000,,7,https://www.kaggle.com/datasets/bhavyadhingra00020/top-100-social-media-influencers-2024-countrywise
YouTube,DE,,UCYp3rk70ACGXQ4gFAiMr1SQ,Rammstein Official,https://www.youtube.com/channel/UCYp3rk70ACGXQ4gFAiMr1SQ,,7100000,,8,https://www.kaggle.com/datasets/bhavyadhingra00020/top-100-social-media-influencers-2024-countrywise
YouTube,DE,,germanspidey,German Spidey,https://www.youtube.com/channel/germanspidey,,6600000,0.2%,9,https://www.kaggle.com/datasets/bhavyadhingra00020/top-100-social-media-influencers-2024-countrywise
YouTube,DE,,UC2Qw1dzXDBAZPwS7zm37g8g,COLORS,https://www.youtube.com/channel/UC2Qw1dzXDBAZPwS7zm37g8g,,6200000,,10,https://www.kaggle.com/datasets/bhavyadhingra00020/top-100-social-media-influencers-2024-countrywise
YouTube,DE,,UCb3tJ5NKw7mDxyaQ73mwbRg,Kontor.TV,https://www.youtube.com/channel/UCb3tJ5NKw7mDxyaQ73mwbRg,,6100000,,11,https://www.kaggle.com/datasets/bhavyadhingra00020/top-100-social-media-influencers-2024-countrywise
YouTube,DE,,UCa_UMppcMsHIzb5LDx1u9zQ,TheFatRat,https://www.youtube.com/channel/UCa_UMppcMsHIzb5LDx1u9zQ,,6100000,1.1%,12,https://www.kaggle.com/datasets/bhavyadhingra00020/top-100-social-media-influencers-2024-countrywise
YouTube,DE,,UCTXeJ33DzXI2veQpKfrvaYw,Julien Bam,https://www.youtube.com/channel/UCTXeJ33DzXI2veQpKfrvaYw,,6000000,,13,https://www.kaggle.com/datasets/bhavyadhingra00020/top-100-social-media-influencers-2024-countrywise
YouTube,DE,,UCHfdTAyg5t4mb1G-3rJ6QsQ,BibisBeautyPalace,https://www.youtube.com/channel/UCHfdTAyg5t4mb1G-3rJ6QsQ,,5900000,0.3%,14,https://www.kaggle.com/datasets/bhavyadhingra00020/top-100-social-media-influencers-2024-countrywise
YouTube,DE,,UC9EgazNjxm-_3eydGQR45rQ,TikTokTunes,https://www.youtube.com/channel/UC9EgazNjxm-_3eydGQR45rQ,,5700000,,15,https://www.kaggle.com/datasets/bhavyadhingra00020/top-100-social-media-influencers-2024-countrywise
YouTube,DE,,UCrT0Q_oAAv5xbHB8LrUwz_g,briQle,https://www.youtube.com/channel/UCrT0Q_oAAv5xbHB8LrUwz_g,,5500000,,16,https://www.kaggle.com/datasets/bhavyadhingra00020/top-100-social-media-influencers-2024-countrywise
YouTube,DE,,UCJhAZAK6t92znGV9tMuy7eQ,Ali Omar,https://www.youtube.com/channel/UCJhAZAK6t92znGV9tMuy7eQ,,5200000,,17,https://www.kaggle.com/datasets/bhavyadhingra00020/top-100-social-media-influencers-2024-countrywise
YouTube,DE,,UCn7Z0uhzGS1KjnO-sWml_dw,Unique Vibes,https://www.youtube.com/channel/UCn7Z0uhzGS1KjnO-sWml_dw,,5200000,,18,https://www.kaggle.com/datasets/bhavyadhingra00020/top-100-social-media-influencers-2024-countrywise
YouTube,DE,,UCmxc6kXbU1J-0pR2F3wIx9A,laserluca,https://www.youtube.com/channel/UCmxc6kXbU1J-0pR2F3wIx9A,,4800000,1.8%,19,https://www.kaggle.com/datasets/bhavyadhingra00020/top-100-social-media-influencers-2024-countrywise
YouTube,DE,,UCQ1GpKa15ulyoQuxz7H4rng,DW Documental,https://www.youtube.com/channel/UCQ1GpKa15ulyoQuxz7H4rng,,4600000,,20,https://www.kaggle.com/datasets/bhavyadhingra00020/top-100-social-media-influencers-2024-countrywise
YouTube,DE,,UCW39zufHfsuGgpLviKh297Q,DW Documentary,https://www.youtube.com/channel/UCW39zufHfsuGgpLviKh297Q,Travel,4500000,,21,https://www.kaggle.com/datasets/bhavyadhingra00020/top-100-social-media-influencers-2024-countrywise
YouTube,DE,,UCogFmwd_6QgQ4qZtU2gDDVQ,clips mix,https://www.youtube.com/channel/UCogFmwd_6QgQ4qZtU2gDDVQ,,4500000,,22,https://www.kaggle.com/datasets/bhavyadhingra00020/top-100-social-media-influencers-2024-countrywise
YouTube,DE,,UCknLrEdhRCp1aegoMqRaCZg,DW News,https://www.youtube.com/channel/UCknLrEdhRCp1aegoMqRaCZg,,4400000,,23,https://www.kaggle.com/datasets/bhavyadhingra00020/top-100-social-media-influencers-2024-countrywise
YouTube,DE,,UCXIyz409s7bNWVcM-vjfdVA,Majestic Casual,https://www.youtube.com/channel/UCXIyz409s7bNWVcM-vjfdVA,,4300000,,24,https://www.kaggle.com/datasets/bhavyadhingra00020/top-100-social-media-influencers-2024-countrywise
YouTube,DE,,UCUd0P7GJ_6UiLcIpfKH9sCQ,ArkivaShqip,https://www.youtube.com/channel/UCUd0P7GJ_6UiLcIpfKH9sCQ,,4100000,,25,https://www.kaggle.com/datasets/bhavyadhingra00020/top-100-social-media-influencers-2024-countrywise
YouTube,DE,,UCZIIRX8rkNjVpP-oLMHpeDw,Calisthenicmovement,https://www.youtube.com/channel/UCZIIRX8rkNjVpP-oLMHpeDw,,4100000,,26,https://www.kaggle.com/datasets/bhavyadhingra00020/top-100-social-media-influencers-2024-countrywise
YouTube,DE,,UCpZ_DI-ZugwMzXcqccaTVsg,Dagi Bee,https://www.youtube.com/channel/UCpZ_DI-ZugwMzXcqccaTVsg,,4000000,,27,https://www.kaggle.com/datasets/bhavyadhingra00020/top-100-social-media-influencers-2024-countrywise
YouTube,DE,,UCijcd0GR0fkxCAZwkiuWqtQ,Free Documentary,https://www.youtube.com/channel/UCijcd0GR0fkxCAZwkiuWqtQ,,4000000,,28,https://www.kaggle.com/datasets/bhavyadhingra00020/top-100-social-media-influencers-2024-countrywise
YouTube,DE,,UCcn4UOBvB0W2HjCcLFLuu2w,ungespielt,https://www.youtube.com/channel/UCcn4UOBvB0W2HjCcLFLuu2w,,3800000,0.1%,29,https://www.kaggle.com/datasets/bhavyadhingra00020/top-100-social-media-influencers-2024-countrywise
YouTube,DE,,UCmloGqUEraKu2IGQ2SXZ4Rg,Lous Reaction,https://www.youtube.com/channel/UCmloGqUEraKu2IGQ2SXZ4Rg,,3800000,41%,30,https://www.kaggle.com/datasets/bhavyadhingra00020/top-100-social-media-influencers-2024-countrywise
YouTube,DE,,UCc7pPNFBvIhI4iV7m8plJuA,DW हिन्दी,https://www.youtube.com/channel/UCc7pPNFBvIhI4iV7m8plJuA,,3700000,,31,https://www.kaggle.com/datasets/bhavyadhingra00020/top-100-social-media-influencers-2024-countrywise
YouTube,DE,,UCr3LVdbgOcW4NZEpo0VHnxw,Freshtorge,https://www.youtube.com/channel/UCr3LVdbgOcW4NZEpo0VHnxw,,3700000,0.6%,32,https://www.kaggle.com/datasets/bhavyadhingra00020/top-100-social-media-influencers-2024-countrywise
YouTube,DE,,UCkLVM-72DqCDi5psyXmeMag,Ikram Bellanova,https://www.youtube.com/channel/UCkLVM-72DqCDi5psyXmeMag,Beauty,3700000,,33,https://www.kaggle.com/datasets/bhavyadhingra00020/top-100-social-media-influencers-2024-countrywise
YouTube,DE,,UCLVVBWrp9jw4-SYUoU42hcg,Robin Schulz,https://www.youtube.com/channel/UCLVVBWrp9jw4-SYUoU42hcg,Music,3600000,,34,https://www.kaggle.com/datasets/bhavyadhingra00020/top-100-social-media-influencers-2024-countrywise
YouTube,DE,,UC6UL29enLNe4mqwTfAyeNuw,Bundesliga,https://www.youtube.com/channel/UC6UL29enLNe4mqwTfAyeNuw,,3600000,,35,https://www.kaggle.com/datasets/bhavyadhingra00020/top-100-social-media-influencers-2024-countrywise
YouTube,DE,,UCCohOo_tNjrR5JxgLjOb25A,SkyBek craft channel,https://www.youtube.com/channel/UCCohOo_tNjrR5JxgLjOb25A,,3600000,,36,https://www.kaggle.com/datasets/bhavyadhingra00020/top-100-social-media-influencers-2024-countrywise
YouTube,DE,,UCNh35NtktYxumhyASfnF1dg,Essen Rezepte,https://www.youtube.com/channel/UCNh35NtktYxumhyASfnF1dg,Food and Drink,3500000,,37,https://www.kaggle.com/datasets/bhavyadhingra00020/top-100-social-media-influencers-2024-countrywise
YouTube,DE,,UCxkQwIshySkwOqEuZ28o8KA,EUROPA Kinderprogramm,https://www.youtube.com/channel/UCxkQwIshySkwOqEuZ28o8KA,,3500000,,38,https://www.kaggle.com/datasets/bhavyadhingra00020/top-100-social-media-influencers-2024-countrywise
YouTube,DE,,UCzFnloeM9qA1j7fuJ-7iT3g,LEO ROJAS - official,https://www.youtube.com/channel/UCzFnloeM9qA1j7fuJ-7iT3g,,3400000,0.1%,39,https://www.kaggle.com/datasets/bhavyadhingra00020/top-100-social-media-influencers-2024-countrywise
YouTube,DE,,UCeKMrU5GECquXiJl6tnTgPA,MERO,https://www.youtube.com/channel/UCeKMrU5GECquXiJl6tnTgPA,,3300000,3%,40,https://www.kaggle.com/datasets/bhavyadhingra00020/top-100-social-media-influencers-2024-countrywise
YouTube,DE,,UChr1sKJ27Fr6WZxAlusbo_w,Felix von der Laden,https://www.youtube.com/channel/UChr1sKJ27Fr6WZxAlusbo_w,,3200000,0.1%,41,https://www.kaggle.com/datasets/bhavyadhingra00020/top-100-social-media-influencers-2024-countrywise
YouTube,DE,,UCwIgPuUJXuf2nY-nKsEvLOg,AirwaveMusicTV,https://www.youtube.com/channel/UCwIgPuUJXuf2nY-nKsEvLOg,,3200000,,42,https://www.kaggle.com/datasets/bhavyadhingra00020/top-100-social-media-influencers-2024-countrywise
YouTube,DE,,UCN-IThhgJxrO07kNEqLnpRw,BBlocks,https://www.youtube.com/channel/UCN-IThhgJxrO07kNEqLnpRw,,3200000,,43,https://www.kaggle.com/datasets/bhavyadhingra00020/top-100-social-media-influencers-2024-countrywise
YouTube,DE,,UCry39FTohgDCCSR9pVyFDzg,Merry Margo Live,https://www.youtube.com/channel/UCry39FTohgDCCSR9pVyFDzg,,3200000,,44,https://www.kaggle.com/datasets/bhavyadhingra00020/top-100-social-media-influencers-2024-countrywise
YouTube,DE,,UC1XrG1M_hw8103zO2x-oivg,Galileo,https://www.youtube.com/channel/UC1XrG1M_hw8103zO2x-oivg,,3200000,,45,https://www.kaggle.com/datasets/bhavyadhingra00020/top-100-social-media-influencers-2024-countrywise
YouTube,DE,,keluargabahagiadijerman,Keluarga Bahagia Di Jerman,https://www.youtube.com/channel/keluargabahagiadijerman,,3100000,0.5%,46,https://www.kaggle.com/datasets/bhavyadhingra00020/top-100-social-media-influencers-2024-countrywise
YouTube,DE,,UCA_DdzBmf5yNaxMpVGwZV4g,Mascha und der Bär,https://www.youtube.com/channel/UCA_DdzBmf5yNaxMpVGwZV4g,,3100000,,47,https://www.kaggle.com/datasets/bhavyadhingra00020/top-100-social-media-influencers-2024-countrywise
YouTube,DE,,UCbDNCzgdLlvYY9dk5M8063A,BangerChannel,https://www.youtube.com/channel/UCbDNCzgdLlvYY9dk5M8063A,,3000000,0.6%,48,https://www.kaggle.com/datasets/bhavyadhingra00020/top-100-social-media-influencers-2024-countrywise
YouTube,DE,,UCT4Jg8h03dD0iN3Pb5L0PMA,DW Español,https://www.youtube.com/channel/UCT4Jg8h03dD0iN3Pb5L0PMA,,3000000,,49,https://www.kaggle.com/datasets/bhavyadhingra00020/top-100-social-media-influencers-2024-countrywise
YouTube,DE,,UCoxg3Kml41wE3IPq-PC-LQw,Nuclear Blast Records,https://www.youtube.com/channel/UCoxg3Kml41wE3IPq-PC-LQw,,3000000,,50,https://www.kaggle.com/datasets/bhavyadhingra00020/top-100-social-media-influencers-2024-countrywise
YouTube,DE,,UCpywdT36luPBzjrEN-z9nvw,The Promise Official,https://www.youtube.com/channel/UCpywdT36luPBzjrEN-z9nvw,,3000000,,51,https://www.kaggle.com/datasets/bhavyadhingra00020/top-100-social-media-influencers-2024-countrywise
YouTube,DE,,UCZkcxFIsqW5htimoUQKA0iA,FC Bayern Munich,https://www.youtube.com/channel/UCZkcxFIsqW5htimoUQKA0iA,,2900000,,52,https://www.kaggle.com/datasets/bhavyadhingra00020/top-100-social-media-influencers-2024-countrywise
YouTube,DE,,UCVZlxkKqlvVqzRJXhAGq42Q,JoergSprave,https://www.youtube.com/channel/UCVZlxkKqlvVqzRJXhAGq42Q,,2900000,0.2%,53,https://www.kaggle.com/datasets/bhavyadhingra00020/top-100-social-media-influencers-2024-countrywise
YouTube,DE,,UCaR5mgH9aZkswPQtjZ4DktA,iCrimax,https://www.youtube.com/channel/UCaR5mgH9aZkswPQtjZ4DktA,,2900000,0.3%,54,https://www.kaggle.com/datasets/bhavyadhingra00020/top-100-social-media-influencers-2024-countrywise
YouTube,DE,,UC5ZkRnYd3__WBBGnAnWO9Cg,Shirin David,https://www.youtube.com/channel/UC5ZkRnYd3__WBBGnAnWO9Cg,,2900000,,55,https://www.kaggle.com/datasets/bhavyadhingra00020/top-100-social-media-influencers-2024-countrywise
YouTube,DE,,UCLm6s42r_wCbBX0QqXNCTwg,LeFloid,https://www.youtube.com/channel/UCLm6s42r_wCbBX0QqXNCTwg,Video Gaming,2800000,,56,https://www.kaggle.com/datasets/bhavyadhingra00020/top-100-social-media-influencers-2024-countrywise
YouTube,DE,,UCZm0b1gRMptZYrquAIRnw4Q,Elif Karaman,https://www.youtube.com/channel/UCZm0b1gRMptZYrquAIRnw4Q,,2800000,,57,https://www.kaggle.com/datasets/bhavyadhingra00020/top-100-social-media-influencers-2024-countrywise
YouTube,DE,,UC-4Tzd5lIRU7lcv7_5OO01Q,unsympathischTV,https://www.youtube.com/channel/UC-4Tzd5lIRU7lcv7_5OO01Q,,2800000,,58,https://www.kaggle.com/datasets/bhavyadhingra00020/top-100-social-media-influencers-2024-countrywise
YouTube,DE,,UCqD3OnFZJmKxXPhM-ScDK4w,JONAS,https://www.youtube.com/channel/UCqD3OnFZJmKxXPhM-ScDK4w,,2800000,0.4%,59,https://www.kaggle.com/datasets/bhavyadhingra00020/top-100-social-media-influencers-2024-countrywise
YouTube,DE,,UCXDi1F7Q-cJQ4mGGavtfYRQ,inscope21,https://www.youtube.com/channel/UCXDi1F7Q-cJQ4mGGavtfYRQ,,2700000,2.3%,60,https://www.kaggle.com/datasets/bhavyadhingra00020/top-100-social-media-influencers-2024-countrywise
YouTube,DE,,UCHJBoCDxaCTRrwCHXEBA-BA,Mady Morrison,https://www.youtube.com/channel/UCHJBoCDxaCTRrwCHXEBA-BA,Fitness,2700000,0.5%,61,https://www.kaggle.com/datasets/bhavyadhingra00020/top-100-social-media-influencers-2024-countrywise
YouTube,DE,,UCppK6hGo5L-dmrryG5T0K0Q,SpontanaBlack,https://www.youtube.com/channel/UCppK6hGo5L-dmrryG5T0K0Q,,2700000,0.5%,62,https://www.kaggle.com/datasets/bhavyadhingra00020/top-100-social-media-influencers-2024-countrywise
YouTube,DE,,UCnWPDVXTezqRZMTqmnthgPg,DieLochis,https://www.youtube.com/channel/UCnWPDVXTezqRZMTqmnthgPg,,2700000,,63,https://www.kaggle.com/datasets/bhavyadhingra00020/top-100-social-media-influencers-2024-countrywise
YouTube,DE,,UCeJIbOka3ZF8TSWT_-kHmSA,Capital Bra,https://www.youtube.com/channel/UCeJIbOka3ZF8TSWT_-kHmSA,,2700000,,64,https://www.kaggle.com/datasets/bhavyadhingra00020/top-100-social-media-influencers-2024-countrywise
YouTube,DE,,UCGh8tmH9x9njaI2mXfh2fyg,CrhymeTV,https://www.youtube.com/channel/UCGh8tmH9x9njaI2mXfh2fyg,,2600000,,65,https://www.kaggle.com/datasets/bhavyadhingra00020/top-100-social-media-influencers-2024-countrywise
YouTube,DE,,UCOL10n-as9dXO2qtjjFUQbQ,KinoCheck,https://www.youtube.com/channel/UCOL10n-as9dXO2qtjjFUQbQ,,2600000,,66,https://www.kaggle.com/datasets/bhavyadhingra00020/top-100-social-media-influencers-2024-countrywise
YouTube,DE,,UCevZwmyXBFvHhV7m3k-XylA,FunChannel,https://www.youtube.com/channel/UCevZwmyXBFvHhV7m3k-XylA,,2600000,,67,https://www.kaggle.com/datasets/bhavyadhingra00020/top-100-social-media-influencers-2024-countrywise
YouTube,DE,,UCMOgdURr7d8pOVlc-alkfRg,xKito Music,https://www.youtube.com/channel/UCMOgdURr7d8pOVlc-alkfRg,,2600000,,68,https://www.kaggle.com/datasets/bhavyadhingra00020/top-100-social-media-influencers-2024-countrywise
YouTube,DE,,UCMgE5ns0gsEvbYiiCwnyaDA,marsgizmo,https://www.youtube.com/channel/UCMgE5ns0gsEvbYiiCwnyaDA,,2500000,0.6%,69,https://www.kaggle.com/datasets/bhavyadhingra00020/top-100-social-media-influencers-2024-countrywise
YouTube,DE,,UCfeNmPbGRF6dkPt04HIl25A,iBlali,https://www.youtube.com/channel/UCfeNmPbGRF6dkPt04HIl25A,,2500000,0.8%,70,https://www.kaggle.com/datasets/bhavyadhingra00020/top-100-social-media-influencers-2024-countrywise
YouTube,DE,,UCGWpyCX6k5q-4NzkyNtgEQA,urbanamadei,https://www.youtube.com/channel/UCGWpyCX6k5q-4NzkyNtgEQA,Sports,2500000,,71,https://www.kaggle.com/datasets/bhavyadhingra00020/top-100-social-media-influencers-2024-countrywise
YouTube,DE,,UCdo4IIRJlEaln7ZHZHzFNIw,Arazhul,https://www.youtube.com/channel/UCdo4IIRJlEaln7ZHZHzFNIw,,2500000,,72,https://www.kaggle.com/datasets/bhavyadhingra00020/top-100-social-media-influencers-2024-countrywise
YouTube,DE,,UCqwGaUvq_l0RKszeHhZ5leA,PietSmiet,https://www.youtube.com/channel/UCqwGaUvq_l0RKszeHhZ5leA,,2500000,,73,https://www.kaggle.com/datasets/bhavyadhingra00020/top-100-social-media-influencers-2024-countrywise
YouTube,DE,,UCrSZS36d39sB4kItL5odLgA,Like Nastya DE,https://www.youtube.com/channel/UCrSZS36d39sB4kItL5odLgA,,2500000,,74,https://www.kaggle.com/datasets/bhavyadhingra00020/top-100-social-media-influencers-2024-countrywise
YouTube,DE,,UCDW1yldFKWrfjrr78aP5Nkw,Leeroy will's wissen!,https://www.youtube.com/channel/UCDW1yldFKWrfjrr78aP5Nkw,,2400000,,75,https://www.kaggle.com/datasets/bhavyadhingra00020/top-100-social-media-influencers-2024-countrywise
YouTube,DE,,UC2qn0BbyTywWCuAy1f1ecfg,Naomi Jon,https://www.youtube.com/channel/UC2qn0BbyTywWCuAy1f1ecfg,,2400000,3.2%,76,https://www.kaggle.com/datasets/bhavyadhingra00020/top-100-social-media-influencers-2024-countrywise
YouTube,DE,,UCzGEGjOCbgv9z9SF71QyI7g,asmr zeitgeist,https://www.youtube.com/channel/UCzGEGjOCbgv9z9SF71QyI7g,,2400000,1.4%,77,https://www.kaggle.com/datasets/bhavyadhingra00020/top-100-social-media-influencers-2024-countrywise
YouTube,DE,,UCLFJxkc6mv0Mj6N49MHyK2Q,Mayapolarbear,https://www.youtube.com/channel/UCLFJxkc6mv0Mj6N49MHyK2Q,,2400000,,78,https://www.kaggle.com/datasets/bhavyadhingra00020/top-100-social-media-influencers-2024-countrywise
YouTube,DE,,UCG0E3naN7D-bgldOJvGHbtg,Julia Beautx,https://www.youtube.com/channel/UCG0E3naN7D-bgldOJvGHbtg,Food and Drink,2400000,0.8%,79,https://www.kaggle.com/datasets/bhavyadhingra00020/top-100-social-media-influencers-2024-countrywise
YouTube,DE,,UCnO5ygba3vsJG9IeZLndaTQ,3D VR 360 VIDEOS,https://www.youtube.com/channel/UCnO5ygba3vsJG9IeZLndaTQ,,2400000,,80,https://www.kaggle.com/datasets/bhavyadhingra00020/top-100-social-media-influencers-2024-countrywise
YouTube,DE,,UCczKrLf-GTXBo1ThoiILP0A,Made My Day,https://www.youtube.com/channel/UCczKrLf-GTXBo1ThoiILP0A,,2300000,,81,https://www.kaggle.com/datasets/bhavyadhingra00020/top-100-social-media-influencers-2024-countrywise
YouTube,DE,,UC0_LJ1oJtR5keARJWupA3_g,The Voice of Germany - Offiziell,https://www.youtube.com/channel/UC0_LJ1oJtR5keARJWupA3_g,,2300000,,82,https://www.kaggle.com/datasets/bhavyadhingra00020/top-100-social-media-influencers-2024-countrywise
YouTube,DE,,UCOM2W7YxiXPtKobhrYasZDg,RC RC RC!!!,https://www.youtube.com/channel/UCOM2W7YxiXPtKobhrYasZDg,,2300000,,83,https://www.kaggle.com/datasets/bhavyadhingra00020/top-100-social-media-influencers-2024-countrywise
YouTube,DE,,UC1-VOKyTJrgLiBeiJqzeIUQ,JP Performance GmbH,https://www.youtube.com/channel/UC1-VOKyTJrgLiBeiJqzeIUQ,,2300000,,84,https://www.kaggle.com/datasets/bhavyadhingra00020/top-100-social-media-influencers-2024-countrywise
YouTube,DE,,UCPAoLHiPHbNzDlcTLh5NJjw,عالم الكيك,https://www.youtube.com/channel/UCPAoLHiPHbNzDlcTLh5NJjw,,2300000,,85,https://www.kaggle.com/datasets/bhavyadhingra00020/top-100-social-media-influencers-2024-countrywise
YouTube,DE,,UC38r7_x7oMPAZweB2fvGDXQ,Rapid Liquid,https://www.youtube.com/channel/UC38r7_x7oMPAZweB2fvGDXQ,,2200000,,86,https://www.kaggle.com/datasets/bhavyadhingra00020/top-100-social-media-influencers-2024-countrywise
YouTube,DE,,UCyCs6M3YClp90wqwcnnEmOw,Khalid Alnaimi خالد النعيمي,https://www.youtube.com/channel/UCyCs6M3YClp90wqwcnnEmOw,Marketing and Advertising,2200000,0.8%,87,https://www.kaggle.com/datasets/bhavyadhingra00020/top-100-social-media-influencers-2024-countrywise
YouTube,DE,,UCpNzWUlO6PVb_v7chefBnig,GalileoRU,https://www.youtube.com/channel/UCpNzWUlO6PVb_v7chefBnig,,2200000,,88,https://www.kaggle.com/datasets/bhavyadhingra00020/top-100-social-media-influencers-2024-countrywise
YouTube,DE,,UCx5M8lD4NWfoDERFXy3MtyA,ToysMyToys,https://www.youtube.com/channel/UCx5M8lD4NWfoDERFXy3MtyA,,2200000,,89,https://www.kaggle.com/datasets/bhavyadhingra00020/top-100-social-media-influencers-2024-countrywise
YouTube,DE,,avivehd,AviveHD,https://www.youtube.com/channel/avivehd,,2100000,0.2%,90,https://www.kaggle.com/datasets/bhavyadhingra00020/top-100-social-media-influencers-2024-countrywise
YouTube,DE,,UCXL8AQAyGu-g2YSG7QzDBIg,GÜLSÜMÜN SARAYI TV,https://www.youtube.com/channel/UCXL8AQAyGu-g2YSG7QzDBIg,,2100000,,91,https://www.kaggle.com/datasets/bhavyadhingra00020/top-100-social-media-influencers-2024-countrywise
YouTube,DE,,UC6Gc4KQ1ueDnh8x7plaAD3w,Trymacs,https://www.youtube.com/channel/UC6Gc4KQ1ueDnh8x7plaAD3w,,2100000,0.4%,92,https://www.kaggle.com/datasets/bhavyadhingra00020/top-100-social-media-influencers-2024-countrywise
YouTube,DE,,UCh2Nc3OwjSwuXrUdFNXqFbQ,Gewitter im Kopf - Leben mit Tourette,https://www.youtube.com/channel/UCh2Nc3OwjSwuXrUdFNXqFbQ,,2100000,0.2%,93,https://www.kaggle.com/datasets/bhavyadhingra00020/top-100-social-media-influencers-2024-countrywise
YouTube,DE,,fritzmeinecke,Fritz Meinecke,https://www.youtube.com/channel/fritzmeinecke,,2100000,1.7%,94,https://www.kaggle.com/datasets/bhavyadhingra00020/top-100-social-media-influencers-2024-countrywise
YouTube,DE,,UCqcWNPTUVATZt0Dlr2jV0Wg,Mois,https://www.youtube.com/channel/UCqcWNPTUVATZt0Dlr2jV0Wg,,2100000,,95,https://www.kaggle.com/datasets/bhavyadhingra00020/top-100-social-media-influencers-2024-countrywise
YouTube,DE,,UCHAQPpmpJqY50V046kQ63Mw,Little Baby Bum Deutsch,https://www.youtube.com/channel/UCHAQPpmpJqY50V046kQ63Mw,,2100000,,96,https://www.kaggle.com/datasets/bhavyadhingra00020/top-100-social-media-influencers-2024-countrywise
YouTube,DE,,UCvGh4HT9ySBoURt0zSpC0Nw,CrispyRob,https://www.youtube.com/channel/UCvGh4HT9ySBoURt0zSpC0Nw,,2000000,0.7%,97,https://www.kaggle.com/datasets/bhavyadhingra00020/top-100-social-media-influencers-2024-countrywise
YouTube,DE,,UC5xIZOXLw-dd617GoPPDgbw,Aysha Siddika,https://www.youtube.com/channel/UC5xIZOXLw-dd617GoPPDgbw,,2000000,,98,https://www.kaggle.com/datasets/bhavyadhingra00020/top-100-social-media-influencers-2024-countrywise
YouTube,DE,,UCGWSzxsb4UXsQf_FRQ7rR1g,Joey's Jungle,https://www.youtube.com/channel/UCGWSzxsb4UXsQf_FRQ7rR1g,,2000000,2.8%,99,https://www.kaggle.com/datasets/bhavyadhingra00020/top-100-social-media-influencers-2024-countrywise
YouTube,DE,,UCPNqPbXJHMvrH3NwRKKR5IQ,Sallys Welt,https://www.youtube.com/channel/UCPNqPbXJHMvrH3NwRKKR5IQ,,2000000,,100,https://www.kaggle.com/datasets/bhavyadhingra00020/top-100-social-media-influencers-2024-countrywise
Instagram,UK,@davidbeckham,,David Beckham,https://www.instagram.com/davidbeckham/,Sports Soccer Public Figure,87000000,0.64%,1,https://www.kaggle.com/datasets/bhavyadhingra00020/top-100-social-media-influencers-2024-countrywise
Instagram,UK,@emmawatson,,Emma Watson,https://www.instagram.com/emmawatson/,Entertainment and Music Fashion and Accessories Education Celebrity,75400000,1.41%,2,https://www.kaggle.com/datasets/bhavyadhingra00020/top-100-social-media-influencers-2024-countrywise
Instagram,UK,@tomholland2013,,Tom Holland,https://www.instagram.com/tomholland2013/,Entertainment and Music Acting and Drama Actors,66500000,4.52%,3,https://www.kaggle.com/datasets/bhavyadhingra00020/top-100-social-media-influencers-2024-countrywise
Instagram,UK,@milliebobbybrown,,Millie Bobby Brown,https://www.instagram.com/milliebobbybrown/,Celebrity Actors,63300000,0.02%,4,https://www.kaggle.com/datasets/bhavyadhingra00020/top-100-social-media-influencers-2024-countrywise
Instagram,UK,@adele,,Adele,https://www.instagram.com/adele/,Singer Music,55900000,4.14%,5,https://www.kaggle.com/datasets/bhavyadhingra00020/top-100-social-media-influencers-2024-countrywise
Instagram,UK,@zayn,,Zayn Malik,https://www.instagram.com/zayn/,Entertainment and Music Music Singer Musician,52200000,5.09%,6,https://www.kaggle.com/datasets/bhavyadhingra00020/top-100-social-media-influencers-2024-countrywise
Instagram,UK,@teddysphotos,,Ed Sheeran,https://www.instagram.com/teddysphotos/,Entertainment and Music Music Songwriting Singer,46900000,0.81%,7,https://www.kaggle.com/datasets/bhavyadhingra00020/top-100-social-media-influencers-2024-countrywise
Instagram,UK,@liverpoolfc,,Liverpool Football Club,https://www.instagram.com/liverpoolfc/,Sports Soccer,44300000,0.39%,8,https://www.kaggle.com/datasets/bhavyadhingra00020/top-100-social-media-influencers-2024-countrywise
Instagram,UK,@caradelevingne,,Cara Delevingne,https://www.instagram.com/caradelevingne/,Fashion and Accessories Modeling Actor,42100000,0.55%,9,https://www.kaggle.com/datasets/bhavyadhingra00020/top-100-social-media-influencers-2024-countrywise
Instagram,UK,@jasonstatham,,Jason Statham,https://www.instagram.com/jasonstatham/,Luxury Photography Art,40500000,2.4%,10,https://www.kaggle.com/datasets/bhavyadhingra00020/top-100-social-media-influencers-2024-countrywise
Instagram,UK,@lewishamilton,,Lewis Hamilton,https://www.instagram.com/lewishamilton/,Sports Racing Formula1 Riders,35300000,3.01%,11,https://www.kaggle.com/datasets/bhavyadhingra00020/top-100-social-media-influencers-2024-countrywise
Instagram,UK,@victoriabeckham,,Victoria Beckham,https://www.instagram.com/victoriabeckham/,Fashion and Accessories Beauty and Self Care Product Showcase Modeling,32700000,0.07%,12,https://www.kaggle.com/datasets/bhavyadhingra00020/top-100-social-media-influencers-2024-countrywise
Instagram,UK,@arsenal,,Arsenal,https://www.instagram.com/arsenal/,Sports Soccer Sports Team Creators & Celebrities,27700000,0.36%,13,https://www.kaggle.com/datasets/bhavyadhingra00020/top-100-social-media-influencers-2024-countrywise
Instagram,UK,@henrycavill,,Henry Cavill,https://www.instagram.com/henrycavill/,Art,27200000,5.77%,14,https://www.kaggle.com/datasets/bhavyadhingra00020/top-100-social-media-influencers-2024-countrywise
Instagram,UK,@miakhalifa,,Mia K.,https://www.instagram.com/miakhalifa/,Entertainment and Music Celebrity Actors,26900000,2.54%,15,https://www.kaggle.com/datasets/bhavyadhingra00020/top-100-social-media-influencers-2024-countrywise
Instagram,UK,@liampayne,,Liam Payne,https://www.instagram.com/liampayne/,Sports Singer,26800000,4.41%,16,https://www.kaggle.com/datasets/bhavyadhingra00020/top-100-social-media-influencers-2024-countrywise
Instagram,UK,@raphaelvarane,,Raphael Varane,https://www.instagram.com/raphaelvarane/,Sports Soccer,23200000,0.72%,17,https://www.kaggle.com/datasets/bhavyadhingra00020/top-100-social-media-influencers-2024-countrywise
Instagram,UK,@onedirection,,One Direction,https://www.instagram.com/onedirection/,Entertainment and Music Music Band Rock,22600000,17.92%,18,https://www.kaggle.com/datasets/bhavyadhingra00020/top-100-social-media-influencers-2024-countrywise
Instagram,UK,@rosiehw,,Rosie HW,https://www.instagram.com/rosiehw/,Beauty and Self Care Fashion and Accessories Modeling Entrepreneur,19800000,1.25%,19,https://www.kaggle.com/datasets/bhavyadhingra00020/top-100-social-media-influencers-2024-countrywise
Instagram,UK,@perrieedwards,,Perrie 🖤,https://www.instagram.com/perrieedwards/,Entertainment and Music Beauty and Self Care Singer Music,19400000,1.24%,20,https://www.kaggle.com/datasets/bhavyadhingra00020/top-100-social-media-influencers-2024-countrywise
Instagram,UK,@louist91,,Louis Tomlinson,https://www.instagram.com/louist91/,Music Shopping,18200000,3.46%,21,https://www.kaggle.com/datasets/bhavyadhingra00020/top-100-social-media-influencers-2024-countrywise
Instagram,UK,@littlemix,,Little Mix,https://www.instagram.com/littlemix/,Music,17600000,1.29%,22,https://www.kaggle.com/datasets/bhavyadhingra00020/top-100-social-media-influencers-2024-countrywise
Instagram,UK,@gordongram,,Gordon Ramsay,https://www.instagram.com/gordongram/,Food Chef,17100000,0.31%,23,https://www.kaggle.com/datasets/bhavyadhingra00020/top-100-social-media-influencers-2024-countrywise
Instagram,UK,@marcusrashford,,Marcus Rashford MBE,https://www.instagram.com/marcusrashford/,Sports Soccer,17000000,2.6%,24,https://www.kaggle.com/datasets/bhavyadhingra00020/top-100-social-media-influencers-2024-countrywise
Instagram,UK,@spursofficial,,Tottenham Hotspur,https://www.instagram.com/spursofficial/,Sports Sports Team Creators & Celebrities,16300000,0.15%,25,https://www.kaggle.com/datasets/bhavyadhingra00020/top-100-social-media-influencers-2024-countrywise
Instagram,UK,@ritaora,,RITA ORA,https://www.instagram.com/ritaora/,Entertainment and Music Music Modeling,16100000,0.27%,26,https://www.kaggle.com/datasets/bhavyadhingra00020/top-100-social-media-influencers-2024-countrywise
Instagram,UK,@naomi,,Dr .🧿Naomi Campbell,https://www.instagram.com/naomi/,Fashion and Accessories Celebrity Actors Entertainment,16000000,0.4%,27,https://www.kaggle.com/datasets/bhavyadhingra00020/top-100-social-media-influencers-2024-countrywise
Instagram,UK,@harrykane,,Harry Kane,https://www.instagram.com/harrykane/,Sports Soccer,15200000,0.8%,28,https://www.kaggle.com/datasets/bhavyadhingra00020/top-100-social-media-influencers-2024-countrywise
Instagram,UK,@jayshetty,,Jay Shetty,https://www.instagram.com/jayshetty/,Education Upskilling Entertainment and Music Parenting,14900000,0.82%,29,https://www.kaggle.com/datasets/bhavyadhingra00020/top-100-social-media-influencers-2024-countrywise
Instagram,UK,@samsmith,,SAM SMITH,https://www.instagram.com/samsmith/,Entertainment and Music Modeling Music,14600000,0.91%,30,https://www.kaggle.com/datasets/bhavyadhingra00020/top-100-social-media-influencers-2024-countrywise
Instagram,UK,@sophiet,,S O P H I E T U R N E R,https://www.instagram.com/sophiet/,Fashion Writers Modeling,14500000,5.07%,31,https://www.kaggle.com/datasets/bhavyadhingra00020/top-100-social-media-influencers-2024-countrywise
Instagram,UK,@jessiej,,Jessie J,https://www.instagram.com/jessiej/,Music Singer Songwriting,14000000,0.69%,32,https://www.kaggle.com/datasets/bhavyadhingra00020/top-100-social-media-influencers-2024-countrywise
Instagram,UK,@juliaanalvarez,,Julián Alvarez🕷,https://www.instagram.com/juliaanalvarez/,Sports,14000000,9.99%,33,https://www.kaggle.com/datasets/bhavyadhingra00020/top-100-social-media-influencers-2024-countrywise
Instagram,UK,@emi_martinez26,,Emi Martinez,https://www.instagram.com/emi_martinez26/,,13700000,4.16%,34,https://www.kaggle.com/datasets/bhavyadhingra00020/top-100-social-media-influencers-2024-countrywise
Instagram,UK,@iamamyjackson,,Amy Jackson,https://www.instagram.com/iamamyjackson/,Entertainment and Music Celebrity Modeling Styling,13600000,0.46%,35,https://www.kaggle.com/datasets/bhavyadhingra00020/top-100-social-media-influencers-2024-countrywise
Instagram,UK,@ksi,,KSI,https://www.instagram.com/ksi/,Business and Finance Lifestyle Actors Music,13200000,0.11%,36,https://www.kaggle.com/datasets/bhavyadhingra00020/top-100-social-media-influencers-2024-countrywise
Instagram,UK,@sophiedee,,Sophie Dee,https://www.instagram.com/sophiedee/,Celebrity Actors Celebrities,12900000,0.87%,37,https://www.kaggle.com/datasets/bhavyadhingra00020/top-100-social-media-influencers-2024-countrywise
Instagram,UK,@nof.ad,,Nof,https://www.instagram.com/nof.ad/,Sports Celebrities,12700000,3.51%,38,https://www.kaggle.com/datasets/bhavyadhingra00020/top-100-social-media-influencers-2024-countrywise
Instagram,UK,@kanik4kapoor,,Kanika Kapoor,https://www.instagram.com/kanik4kapoor/,Fashion and Accessories Singer Music Songwriting,12600000,1.52%,39,https://www.kaggle.com/datasets/bhavyadhingra00020/top-100-social-media-influencers-2024-countrywise
Instagram,UK,@t22felton,,Tom Felton,https://www.instagram.com/t22felton/,Entertainment and Music,12100000,1.85%,40,https://www.kaggle.com/datasets/bhavyadhingra00020/top-100-social-media-influencers-2024-countrywise
Instagram,UK,@stevengerrard,,Steven Gerrard,https://www.instagram.com/stevengerrard/,Sports Soccer,11700000,0.56%,41,https://www.kaggle.com/datasets/bhavyadhingra00020/top-100-social-media-influencers-2024-countrywise
Instagram,UK,@twhiddleston,,Tom Hiddleston,https://www.instagram.com/twhiddleston/,Acting and Drama Actors,11400000,8.4%,42,https://www.kaggle.com/datasets/bhavyadhingra00020/top-100-social-media-influencers-2024-countrywise
Instagram,UK,@mercedesamgf1,,Mercedes-AMG PETRONAS F1 Team,https://www.instagram.com/mercedesamgf1/,Sports Cars Racing Mercedes,11300000,0.44%,43,https://www.kaggle.com/datasets/bhavyadhingra00020/top-100-social-media-influencers-2024-countrywise
Instagram,UK,@calvinharris,,Calvin Harris,https://www.instagram.com/calvinharris/,Entertainment and Music Music Producers Singer,11300000,0.81%,44,https://www.kaggle.com/datasets/bhavyadhingra00020/top-100-social-media-influencers-2024-countrywise
Instagram,UK,@sterling7,,Raheem Sterling x 😇,https://www.instagram.com/sterling7/,Sports Personal Finance Soccer,10800000,1.84%,45,https://www.kaggle.com/datasets/bhavyadhingra00020/top-100-social-media-influencers-2024-countrywise
Instagram,UK,@jadethirlwall,,jade amelia thirlwall,https://www.instagram.com/jadethirlwall/,Entertainment and Music Singer Dance,10600000,1.59%,46,https://www.kaggle.com/datasets/bhavyadhingra00020/top-100-social-media-influencers-2024-countrywise
Instagram,UK,@edwestwick,,Ed Westwick,https://www.instagram.com/edwestwick/,Entertainment and Music Actors Music Lifestyle,10500000,1.08%,47,https://www.kaggle.com/datasets/bhavyadhingra00020/top-100-social-media-influencers-2024-countrywise
Instagram,UK,@anyataylorjoy,,Anya Taylor-Joy,https://www.instagram.com/anyataylorjoy/,Entertainment and Music Actors Modeling Singer,10000000,9.29%,48,https://www.kaggle.com/datasets/bhavyadhingra00020/top-100-social-media-influencers-2024-countrywise
Instagram,UK,@england,,England football team,https://www.instagram.com/england/,Sports,9800000,0.32%,49,https://www.kaggle.com/datasets/bhavyadhingra00020/top-100-social-media-influencers-2024-countrywise
Instagram,UK,@maisie_williams,,Maisie Williams,https://www.instagram.com/maisie_williams/,Entertainment and Music Modeling TV Shows Actors,9800000,1.19%,50,https://www.kaggle.com/datasets/bhavyadhingra00020/top-100-social-media-influencers-2024-countrywise
Instagram,UK,@tomhardy,,Tom Hardy,https://www.instagram.com/tomhardy/,Actors,9700000,0.94%,51,https://www.kaggle.com/datasets/bhavyadhingra00020/top-100-social-media-influencers-2024-countrywise
Instagram,UK,@jesselingard,,JLingz,https://www.instagram.com/jesselingard/,Sports Soccer,9500000,1.95%,52,https://www.kaggle.com/datasets/bhavyadhingra00020/top-100-social-media-influencers-2024-countrywise
Instagram,UK,@officialtomellis,,Tom Ellis,https://www.instagram.com/officialtomellis/,Entertainment and Music Celebrity Actors,9400000,2.23%,53,https://www.kaggle.com/datasets/bhavyadhingra00020/top-100-social-media-influencers-2024-countrywise
Instagram,UK,@florencepugh,,Florence Pugh,https://www.instagram.com/florencepugh/,Entertainment and Music Acting and Drama Celebrity Actors,9300000,5.31%,54,https://www.kaggle.com/datasets/bhavyadhingra00020/top-100-social-media-influencers-2024-countrywise
Instagram,UK,@philfoden,,Phil Foden,https://www.instagram.com/philfoden/,Sports Soccer,9300000,10.26%,55,https://www.kaggle.com/datasets/bhavyadhingra00020/top-100-social-media-influencers-2024-countrywise
Instagram,UK,@zoesugg,,Zoë Sugg,https://www.instagram.com/zoesugg/,Fashion and Accessories Entertainment and Music Business and Finance Video Blogger,9300000,0.11%,56,https://www.kaggle.com/datasets/bhavyadhingra00020/top-100-social-media-influencers-2024-countrywise
Instagram,UK,@jackgrealish,,Jack Grealish,https://www.instagram.com/jackgrealish/,Sports Outdoor Activity,9100000,8.38%,57,https://www.kaggle.com/datasets/bhavyadhingra00020/top-100-social-media-influencers-2024-countrywise
Instagram,UK,@charlottegshore,,Charlotte Letitia Crosby,https://www.instagram.com/charlottegshore/,Fashion and Accessories Fitness and Health TV Shows,8800000,0.57%,58,https://www.kaggle.com/datasets/bhavyadhingra00020/top-100-social-media-influencers-2024-countrywise
Instagram,UK,@hollywilloughby,,Holly Willoughby,https://www.instagram.com/hollywilloughby/,Entertainment and Music Beauty and Self Care,8500000,0.32%,59,https://www.kaggle.com/datasets/bhavyadhingra00020/top-100-social-media-influencers-2024-countrywise
Instagram,UK,@johnterry.26,,John Terry,https://www.instagram.com/johnterry.26/,Sports,8300000,1.01%,60,https://www.kaggle.com/datasets/bhavyadhingra00020/top-100-social-media-influencers-2024-countrywise
Instagram,UK,@karengillan,,Karen Gillan,https://www.instagram.com/karengillan/,Entertainment and Music Food Actors,8100000,2.09%,61,https://www.kaggle.com/datasets/bhavyadhingra00020/top-100-social-media-influencers-2024-countrywise
Instagram,UK,@mollymae,,Molly-Mae Hague,https://www.instagram.com/mollymae/,Fashion and Accessories Home and Garden Business and Finance Actors,7900000,0.13%,62,https://www.kaggle.com/datasets/bhavyadhingra00020/top-100-social-media-influencers-2024-countrywise
Instagram,UK,@anurag_dobhal,,The UK07 Rider,https://www.instagram.com/anurag_dobhal/,Education Upskilling,7900000,13.93%,63,https://www.kaggle.com/datasets/bhavyadhingra00020/top-100-social-media-influencers-2024-countrywise
Instagram,UK,@bela,,Bela Padilla,https://www.instagram.com/bela/,Arts and Crafts Entertainment and Music Celebrity Actors,7800000,0.6%,64,https://www.kaggle.com/datasets/bhavyadhingra00020/top-100-social-media-influencers-2024-countrywise
Instagram,UK,@hero_ft,,Hero Fiennes Tiffin,https://www.instagram.com/hero_ft/,Celebrity Modeling Styling,7500000,9.89%,65,https://www.kaggle.com/datasets/bhavyadhingra00020/top-100-social-media-influencers-2024-countrywise
Instagram,UK,@lewiscapaldi,,Lewis Capaldi,https://www.instagram.com/lewiscapaldi/,Entertainment and Music Music Songwriting Band,7400000,4.7%,66,https://www.kaggle.com/datasets/bhavyadhingra00020/top-100-social-media-influencers-2024-countrywise
Instagram,UK,@jessicaalvesuk,,Jessica Alves,https://www.instagram.com/jessicaalvesuk/,Fashion and Accessories Travel Television Modeling,7400000,0.05%,67,https://www.kaggle.com/datasets/bhavyadhingra00020/top-100-social-media-influencers-2024-countrywise
Instagram,UK,@arcticmonkeys,,Arctic Monkeys,https://www.instagram.com/arcticmonkeys/,Entertainment and Music Music Producers,7300000,8.84%,68,https://www.kaggle.com/datasets/bhavyadhingra00020/top-100-social-media-influencers-2024-countrywise
Instagram,UK,@greggsulkin,,Gregg Sulkin,https://www.instagram.com/greggsulkin/,Celebrity Actors,7200000,0.56%,69,https://www.kaggle.com/datasets/bhavyadhingra00020/top-100-social-media-influencers-2024-countrywise
Instagram,UK,@hshq,,Harry Styles HQ,https://www.instagram.com/hshq/,Entertainment and Music Music Singer,7200000,14.59%,70,https://www.kaggle.com/datasets/bhavyadhingra00020/top-100-social-media-influencers-2024-countrywise
Instagram,UK,@orlandobloom,,Orlando Bloom,https://www.instagram.com/orlandobloom/,Näitlejad Näitleja,7200000,0.62%,71,https://www.kaggle.com/datasets/bhavyadhingra00020/top-100-social-media-influencers-2024-countrywise
Instagram,UK,@franklampard,,Frank Lampard,https://www.instagram.com/franklampard/,Sport Jalgpall,7000000,2.02%,72,https://www.kaggle.com/datasets/bhavyadhingra00020/top-100-social-media-influencers-2024-countrywise
Instagram,UK,@juliusdein,,Julius Dein,https://www.instagram.com/juliusdein/,Meelelahutus ja muusika Lõbus Elustiil Kuulsused,6700000,3.31%,73,https://www.kaggle.com/datasets/bhavyadhingra00020/top-100-social-media-influencers-2024-countrywise
Instagram,UK,@michkeegan,,Michelle Keegan,https://www.instagram.com/michkeegan/,Elustiil,6700000,0.97%,74,https://www.kaggle.com/datasets/bhavyadhingra00020/top-100-social-media-influencers-2024-countrywise
Instagram,UK,@mariotestino,,MARIO TESTINO,https://www.instagram.com/mariotestino/,Romantika ja pulmad Kunst ja käsitöö Korvpall,6600000,0.36%,75,https://www.kaggle.com/datasets/bhavyadhingra00020/top-100-social-media-influencers-2024-countrywise
Instagram,UK,@masonmount,,Mason Mount,https://www.instagram.com/masonmount/,Sport,6400000,13.71%,76,https://www.kaggle.com/datasets/bhavyadhingra00020/top-100-social-media-influencers-2024-countrywise
Instagram,UK,@j_corden,,James Corden,https://www.instagram.com/j_corden/,Näitlejad,6300000,1.29%,77,https://www.kaggle.com/datasets/bhavyadhingra00020/top-100-social-media-influencers-2024-countrywise
Instagram,UK,@idriselba,,Idris Elba,https://www.instagram.com/idriselba/,,6300000,1.22%,78,https://www.kaggle.com/datasets/bhavyadhingra00020/top-100-social-media-influencers-2024-countrywise
Instagram,UK,@regejean,,Regé-Jean Page,https://www.instagram.com/regejean/,Näitlemine ja draama,6300000,6.89%,79,https://www.kaggle.com/datasets/bhavyadhingra00020/top-100-social-media-influencers-2024-countrywise
Instagram,UK,@seanfreestyle,,Séan Garnier| World Champion,https://www.instagram.com/seanfreestyle/,Sport Äri ja finants Jalgpall Mäng,6200000,3.09%,80,https://www.kaggle.com/datasets/bhavyadhingra00020/top-100-social-media-influencers-2024-countrywise
Instagram,UK,@nathalieemmanuel,,Nathalie Emmanuel,https://www.instagram.com/nathalieemmanuel/,Toit Ilutooted ja enesehooldus Näitlejad,6200000,0.75%,81,https://www.kaggle.com/datasets/bhavyadhingra00020/top-100-social-media-influencers-2024-countrywise
Instagram,UK,@kit.connor,,Kit Connor,https://www.instagram.com/kit.connor/,Meelelahutus ja muusika,6100000,28.68%,82,https://www.kaggle.com/datasets/bhavyadhingra00020/top-100-social-media-influencers-2024-countrywise
Instagram,UK,@charlie.r.heaton,,Charlie Heaton,https://www.instagram.com/charlie.r.heaton/,Näitlejad Muusika,6100000,5.46%,83,https://www.kaggle.com/datasets/bhavyadhingra00020/top-100-social-media-influencers-2024-countrywise
Instagram,UK,@realpaigewwe,,Saraya Bevis,https://www.instagram.com/realpaigewwe/,Sport Muusika Laulja Modellindus,6000000,2.5%,84,https://www.kaggle.com/datasets/bhavyadhingra00020/top-100-social-media-influencers-2024-countrywise
Instagram,UK,@staceysolomon,,Stacey Solomon,https://www.instagram.com/staceysolomon/,Pere Meelelahutus ja muusika Lapsevanemlus Muusika,5900000,5.18%,85,https://www.kaggle.com/datasets/bhavyadhingra00020/top-100-social-media-influencers-2024-countrywise
Instagram,UK,@rioferdy5,,Rio Ferdinand OBE,https://www.instagram.com/rioferdy5/,Meelelahutus ja muusika Jalgpall,5900000,0.75%,86,https://www.kaggle.com/datasets/bhavyadhingra00020/top-100-social-media-influencers-2024-countrywise
Instagram,UK,@officialqueenmusic,,Queen,https://www.instagram.com/officialqueenmusic/,Meelelahutus ja muusika Muusika Rock Laulja,5900000,0.7%,87,https://www.kaggle.com/datasets/bhavyadhingra00020/top-100-social-media-influencers-2024-countrywise
Instagram,UK,@ozzyosbourne,,Ozzy Osbourne,https://www.instagram.com/ozzyosbourne/,Meelelahutus ja muusika Muusika,5800000,0.56%,88,https://www.kaggle.com/datasets/bhavyadhingra00020/top-100-social-media-influencers-2024-countrywise
Instagram,UK,@zakirkhan_208,,Zakir Khan,https://www.instagram.com/zakirkhan_208/,Meelelahutus ja muusika Lõbus Elu ja ühiskond Kuulsus,5700000,4.63%,89,https://www.kaggle.com/datasets/bhavyadhingra00020/top-100-social-media-influencers-2024-countrywise
Instagram,UK,@katebeckinsale,,Kate Beckinsale,https://www.instagram.com/katebeckinsale/,Meelelahutus ja muusika Modellindus,5600000,0.84%,90,https://www.kaggle.com/datasets/bhavyadhingra00020/top-100-social-media-influencers-2024-countrywise
Instagram,UK,@tommyfury,,Tommy TNT Fury,https://www.instagram.com/tommyfury/,Sport,5500000,3.58%,91,https://www.kaggle.com/datasets/bhavyadhingra00020/top-100-social-media-influencers-2024-countrywise
Instagram,UK,@vickypattison,,Vicky Pattison,https://www.instagram.com/vickypattison/,Meelelahutus ja muusika Romantika ja pulmad Lapsevanemlus Telejuht,5500000,0.3%,92,https://www.kaggle.com/datasets/bhavyadhingra00020/top-100-social-media-influencers-2024-countrywise
Instagram,UK,@catherinezetajones,,Catherine Zeta-Jones,https://www.instagram.com/catherinezetajones/,Meelelahutus ja muusika Pere Kodu ja aed Kuulsus,5500000,0.73%,93,https://www.kaggle.com/datasets/bhavyadhingra00020/top-100-social-media-influencers-2024-countrywise
Instagram,UK,@jordanhenderson,,Jordan Henderson,https://www.instagram.com/jordanhenderson/,Sport Jalgpall,5400000,3.73%,94,https://www.kaggle.com/datasets/bhavyadhingra00020/top-100-social-media-influencers-2024-countrywise
Instagram,UK,@harrymaguire93,,Harry Maguire,https://www.instagram.com/harrymaguire93/,Sport Jalgpall,5300000,3.02%,95,https://www.kaggle.com/datasets/bhavyadhingra00020/top-100-social-media-influencers-2024-countrywise
Instagram,UK,@adnanalkateb,,Adnan Alkateb,https://www.instagram.com/adnanalkateb/,Kuulsus Ajakirjanikud,5300000,1.01%,96,https://www.kaggle.com/datasets/bhavyadhingra00020/top-100-social-media-influencers-2024-countrywise
Instagram,UK,@alexoxchamberlain,,Alex Oxlade-Chamberlain,https://www.instagram.com/alexoxchamberlain/,Sport Jalgpall,5200000,3.35%,97,https://www.kaggle.com/datasets/bhavyadhingra00020/top-100-social-media-influencers-2024-countrywise
Instagram,UK,@lukeshaw23,,Luke Shaw,https://www.instagram.com/lukeshaw23/,Sport Moekaubad ja aksessuaarid Jalgpall,5100000,3.87%,98,https://www.kaggle.com/datasets/bhavyadhingra00020/top-100-social-media-influencers-2024-countrywise
Instagram,UK,@ranjitbawa,,Ranjit Bawa,https://www.instagram.com/ranjitbawa/,Meelelahutus ja muusika Muusika Modellindus Laulja,5100000,0.97%,99,https://www.kaggle.com/datasets/bhavyadhingra00020/top-100-social-media-influencers-2024-countrywise
Instagram,UK,@barnabaclassic,,𝐆📀𝐋𝐃𝐄𝐍💰,https://www.instagram.com/barnabaclassic/,Meelelahutus ja muusika Lapsevanemlus Laulja,5000000,0.1%,100,https://www.kaggle.com/datasets/bhavyadhingra00020/top-100-social-media-influencers-2024-countrywise
Threads,UK,@arsenal,,Arsenal,https://www.threads.net/@arsenal,Sports,976200,,1,https://www.kaggle.com/datasets/bhavyadhingra00020/top-100-social-media-influencers-2024-countrywise
Threads,UK,@manotoofficial,,تلویزیون منوتو,https://www.threads.net/@manotoofficial,Entertainment & Music,525700,0.21%,2,https://www.kaggle.com/datasets/bhavyadhingra00020/top-100-social-media-influencers-2024-countrywise
Threads,UK,@bentleymotors,,Bentley Motors,https://www.threads.net/@bentleymotors,Auto and Vehicles,482700,0.38%,3,https://www.kaggle.com/datasets/bhavyadhingra00020/top-100-social-media-influencers-2024-countrywise
Threads,UK,@jamieoliver,,Jamie Oliver,https://www.threads.net/@jamieoliver,Food Product Education,430700,0.27%,4,https://www.kaggle.com/datasets/bhavyadhingra00020/top-100-social-media-influencers-2024-countrywise
Threads,UK,@iranintltv,,ایران اینترنشنال,https://www.threads.net/@iranintltv,News Media,387400,0.14%,5,https://www.kaggle.com/datasets/bhavyadhingra00020/top-100-social-media-influencers-2024-countrywise
Threads,UK,@wimbledon,,Wimbledon,https://www.threads.net/@wimbledon,Sports,325000,1.04%,6,https://www.kaggle.com/datasets/bhavyadhingra00020/top-100-social-media-influencers-2024-countrywise
Threads,UK,@morganasecco,,Morgana Secco,https://www.threads.net/@morganasecco,family Fitness & Health,301700,0.21%,7,https://www.kaggle.com/datasets/bhavyadhingra00020/top-100-social-media-influencers-2024-countrywise
Threads,UK,@thearchbishopofbanterbury,,The Archbishop of Banterbury🇬🇧,https://www.threads.net/@thearchbishopofbanterbury,Entertainment & Music Funny Life & Society,282500,1.53%,8,https://www.kaggle.com/datasets/bhavyadhingra00020/top-100-social-media-influencers-2024-countrywise
Threads,UK,@westham,,West Ham United,https://www.threads.net/@westham,Sports,266400,0.09%,9,https://www.kaggle.com/datasets/bhavyadhingra00020/top-100-social-media-influencers-2024-countrywise
Threads,UK,@pinkfloyd,,Pink Floyd,https://www.threads.net/@pinkfloyd,Entertainment & Music,266400,0.36%,10,https://www.kaggle.com/datasets/bhavyadhingra00020/top-100-social-media-influencers-2024-countrywise
Threads,UK,@lcfc,,Leicester City,https://www.threads.net/@lcfc,Sports,263000,0.08%,11,https://www.kaggle.com/datasets/bhavyadhingra00020/top-100-social-media-influencers-2024-countrywise
Threads,UK,@boohoo,,boohoo,https://www.threads.net/@boohoo,Fashion & Accessories,259400,0.11%,12,https://www.kaggle.com/datasets/bhavyadhingra00020/top-100-social-media-influencers-2024-countrywise
Threads,UK,@anurag_dobhal,,The UK07 Rider,https://www.threads.net/@anurag_dobhal,Education Upskilling,255200,2.3%,13,https://www.kaggle.com/datasets/bhavyadhingra00020/top-100-social-media-influencers-2024-countrywise
Threads,UK,@tate,,Tate,https://www.threads.net/@tate,Arts & Crafts Education,241900,0.43%,14,https://www.kaggle.com/datasets/bhavyadhingra00020/top-100-social-media-influencers-2024-countrywise
Threads,UK,@imjustbait,,Memes|Music|Gossip,https://www.threads.net/@imjustbait,Entertainment & Music Fashion & Accessories,222300,0.25%,15,https://www.kaggle.com/datasets/bhavyadhingra00020/top-100-social-media-influencers-2024-countrywise
Threads,UK,@seanfreestyle,,Séan Garnier| World Champion,https://www.threads.net/@seanfreestyle,Sports,222000,0.13%,16,https://www.kaggle.com/datasets/bhavyadhingra00020/top-100-social-media-influencers-2024-countrywise
Threads,UK,@avfcofficial,,Aston Villa FC,https://www.threads.net/@avfcofficial,Sports,218700,0.53%,17,https://www.kaggle.com/datasets/bhavyadhingra00020/top-100-social-media-influencers-2024-countrywise
Threads,UK,@ohpolly,,OH POLLY,https://www.threads.net/@ohpolly,Fashion & Accessories,188500,0.13%,18,https://www.kaggle.com/datasets/bhavyadhingra00020/top-100-social-media-influencers-2024-countrywise
Threads,UK,@englandcricket,,We Are England Cricket,https://www.threads.net/@englandcricket,Sports,180400,0.83%,19,https://www.kaggle.com/datasets/bhavyadhingra00020/top-100-social-media-influencers-2024-countrywise
Threads,UK,@espnuk,,ESPN UK,https://www.threads.net/@espnuk,Sports,179300,0.28%,20,https://www.kaggle.com/datasets/bhavyadhingra00020/top-100-social-media-influencers-2024-countrywise
Threads,UK,@staceysolomon,,Stacey Solomon,https://www.threads.net/@staceysolomon,family Entertainment & Music,170000,2.17%,21,https://www.kaggle.com/datasets/bhavyadhingra00020/top-100-social-media-influencers-2024-countrywise
Threads,UK,@dezeen,,Dezeen,https://www.threads.net/@dezeen,Arts & Crafts Home & Garden,160400,0.12%,22,https://www.kaggle.com/datasets/bhavyadhingra00020/top-100-social-media-influencers-2024-countrywise
Threads,UK,@houseofcb,,House Of CB,https://www.threads.net/@houseofcb,Fashion & Accessories,158400,,23,https://www.kaggle.com/datasets/bhavyadhingra00020/top-100-social-media-influencers-2024-countrywise
Threads,UK,@britishmemes,,British Memes 🇬🇧,https://www.threads.net/@britishmemes,Funny,156400,0.54%,24,https://www.kaggle.com/datasets/bhavyadhingra00020/top-100-social-media-influencers-2024-countrywise
Threads,UK,@tobjizzle,,Tobi Brown,https://www.threads.net/@tobjizzle,Gaming,151500,1.15%,25,https://www.kaggle.com/datasets/bhavyadhingra00020/top-100-social-media-influencers-2024-countrywise
Threads,UK,@veeiye,,VEE.,https://www.threads.net/@veeiye,Fashion & Accessories,145100,1.03%,26,https://www.kaggle.com/datasets/bhavyadhingra00020/top-100-social-media-influencers-2024-countrywise
Threads,UK,@greatbritish.memes,,Great British Memes 🇬🇧,https://www.threads.net/@greatbritish.memes,Entertainment & Music Funny,138800,0.54%,27,https://www.kaggle.com/datasets/bhavyadhingra00020/top-100-social-media-influencers-2024-countrywise
Threads,UK,@lisafiitt,,Lisa Lanceford,https://www.threads.net/@lisafiitt,Fitness & Health,135600,0.08%,28,https://www.kaggle.com/datasets/bhavyadhingra00020/top-100-social-media-influencers-2024-countrywise
Threads,UK,@secret.london,,Secret London,https://www.threads.net/@secret.london,Travel Food Life & Society,133800,0.21%,29,https://www.kaggle.com/datasets/bhavyadhingra00020/top-100-social-media-influencers-2024-countrywise
Threads,UK,@bela,,Bela Padilla,https://www.threads.net/@bela,Arts & Crafts Entertainment & Music,133700,0.84%,30,https://www.kaggle.com/datasets/bhavyadhingra00020/top-100-social-media-influencers-2024-countrywise
Threads,UK,@wrightyofficial,,Ian Wright,https://www.threads.net/@wrightyofficial,Sports,126400,1.44%,31,https://www.kaggle.com/datasets/bhavyadhingra00020/top-100-social-media-influencers-2024-countrywise
Threads,UK,@benchilwell,,Chilly,https://www.threads.net/@benchilwell,Sports,124900,2.62%,32,https://www.kaggle.com/datasets/bhavyadhingra00020/top-100-social-media-influencers-2024-countrywise
Threads,UK,@vexking,,Vex King | Self-love Writer,https://www.threads.net/@vexking,Education Life & Society,123800,0.85%,33,https://www.kaggle.com/datasets/bhavyadhingra00020/top-100-social-media-influencers-2024-countrywise
Threads,UK,@manutdwomen,,Manchester United Women,https://www.threads.net/@manutdwomen,Sports,123000,,34,https://www.kaggle.com/datasets/bhavyadhingra00020/top-100-social-media-influencers-2024-countrywise
Threads,UK,@dazed,,Dazed,https://www.threads.net/@dazed,Entertainment & Music Fashion & Accessories,122700,0.28%,35,https://www.kaggle.com/datasets/bhavyadhingra00020/top-100-social-media-influencers-2024-countrywise
Threads,UK,@officialbhafc,,Brighton & Hove Albion FC,https://www.threads.net/@officialbhafc,Sports,119500,0.73%,36,https://www.kaggle.com/datasets/bhavyadhingra00020/top-100-social-media-influencers-2024-countrywise
Threads,UK,@london,,@LONDON • #ThisIsLondon,https://www.threads.net/@london,Travel,116600,0.24%,37,https://www.kaggle.com/datasets/bhavyadhingra00020/top-100-social-media-influencers-2024-countrywise
Threads,UK,@nationalgallery,,National Gallery,https://www.threads.net/@nationalgallery,Arts & Crafts,109100,0.66%,38,https://www.kaggle.com/datasets/bhavyadhingra00020/top-100-social-media-influencers-2024-countrywise
Threads,UK,@halkekmag,,HALKEKMAG,https://www.threads.net/@halkekmag,Arts & Crafts,108200,0.59%,39,https://www.kaggle.com/datasets/bhavyadhingra00020/top-100-social-media-influencers-2024-countrywise
Threads,UK,@richkidslondon,,Rich Kids of London,https://www.threads.net/@richkidslondon,Entertainment & Music Finance Fashion & Accessories,107300,0.22%,40,https://www.kaggle.com/datasets/bhavyadhingra00020/top-100-social-media-influencers-2024-countrywise
Threads,UK,@thismorning,,This Morning,https://www.threads.net/@thismorning,Entertainment & Music Life & Society,106600,0.31%,41,https://www.kaggle.com/datasets/bhavyadhingra00020/top-100-social-media-influencers-2024-countrywise
Threads,UK,@boilerroomtv,,Boiler Room,https://www.threads.net/@boilerroomtv,Entertainment & Music,105600,,42,https://www.kaggle.com/datasets/bhavyadhingra00020/top-100-social-media-influencers-2024-countrywise
Threads,UK,@calfreezy,,Calfreezy,https://www.threads.net/@calfreezy,Entertainment & Music,104300,0.91%,43,https://www.kaggle.com/datasets/bhavyadhingra00020/top-100-social-media-influencers-2024-countrywise
Threads,UK,@dralexgeorge,,Dr Alex,https://www.threads.net/@dralexgeorge,Health & Fitness Education,99500,0.28%,44,https://www.kaggle.com/datasets/bhavyadhingra00020/top-100-social-media-influencers-2024-countrywise
Threads,UK,@bruisedpassports,,Travel & Love - Savi & Vid,https://www.threads.net/@bruisedpassports,Travel family Home & Garden,95800,0.33%,45,https://www.kaggle.com/datasets/bhavyadhingra00020/top-100-social-media-influencers-2024-countrywise
Threads,UK,@tashaghouri,,Tasha Amber Ghouri,https://www.threads.net/@tashaghouri,Entertainment & Music,94100,0.22%,46,https://www.kaggle.com/datasets/bhavyadhingra00020/top-100-social-media-influencers-2024-countrywise
Threads,UK,@leedsunited,,Leeds United,https://www.threads.net/@leedsunited,Sports,93000,0.64%,47,https://www.kaggle.com/datasets/bhavyadhingra00020/top-100-social-media-influencers-2024-countrywise
Threads,UK,@nationaltrust,,nationaltrust,https://www.threads.net/@nationaltrust,Nature Education Home & Garden,92300,1.27%,48,https://www.kaggle.com/datasets/bhavyadhingra00020/top-100-social-media-influencers-2024-countrywise
Threads,UK,@visitscotland,,VisitScotland,https://www.threads.net/@visitscotland,Travel,90800,0.43%,49,https://www.kaggle.com/datasets/bhavyadhingra00020/top-100-social-media-influencers-2024-countrywise
Threads,UK,@andreacontioficial,,Andrea Conti,https://www.threads.net/@andreacontioficial,Fashion & Accessories,90500,,50,https://www.kaggle.com/datasets/bhavyadhingra00020/top-100-social-media-influencers-2024-countrywise
Threads,UK,@benblack,,Ben Black,https://www.threads.net/@benblack,Fashion & Accessories,90300,0.61%,51,https://www.kaggle.com/datasets/bhavyadhingra00020/top-100-social-media-influencers-2024-countrywise
Threads,UK,@bbcgoodfood,,BBC Good Food,https://www.threads.net/@bbcgoodfood,Food,88700,0.15%,52,https://www.kaggle.com/datasets/bhavyadhingra00020/top-100-social-media-influencers-2024-countrywise
Threads,UK,@oxford_uni,,The University of Oxford,https://www.threads.net/@oxford_uni,Education,88400,0.3%,53,https://www.kaggle.com/datasets/bhavyadhingra00020/top-100-social-media-influencers-2024-countrywise
Threads,UK,@fernemccann,,Ferne McCann,https://www.threads.net/@fernemccann,Fitness & Health,86900,0.26%,54,https://www.kaggle.com/datasets/bhavyadhingra00020/top-100-social-media-influencers-2024-countrywise
Threads,UK,@publicdesire,,PUBLIC DESIRE,https://www.threads.net/@publicdesire,Fashion & Accessories,86800,0.05%,55,https://www.kaggle.com/datasets/bhavyadhingra00020/top-100-social-media-influencers-2024-countrywise
Threads,UK,@shmee150,,Tim - Shmee,https://www.threads.net/@shmee150,Auto and Vehicles,86400,0.73%,56,https://www.kaggle.com/datasets/bhavyadhingra00020/top-100-social-media-influencers-2024-countrywise
Threads,UK,@robbeckettcomic,,Rob Beckett,https://www.threads.net/@robbeckettcomic,Entertainment & Music Funny,84300,0.85%,57,https://www.kaggle.com/datasets/bhavyadhingra00020/top-100-social-media-influencers-2024-countrywise
Threads,UK,@houseandgardenuk,,House & Garden Magazine,https://www.threads.net/@houseandgardenuk,Home & Garden,83300,0.29%,58,https://www.kaggle.com/datasets/bhavyadhingra00020/top-100-social-media-influencers-2024-countrywise
Threads,UK,@footyemporium,,Football • Futbol • Soccer,https://www.threads.net/@footyemporium,Sports,82600,1.26%,59,https://www.kaggle.com/datasets/bhavyadhingra00020/top-100-social-media-influencers-2024-countrywise
Threads,UK,@aldiuk,,Aldi UK,https://www.threads.net/@aldiuk,Food,82100,0.8%,60,https://www.kaggle.com/datasets/bhavyadhingra00020/top-100-social-media-influencers-2024-countrywise
Threads,UK,@aftvmedia,,AFTV,https://www.threads.net/@aftvmedia,Sports,81000,0.79%,61,https://www.kaggle.com/datasets/bhavyadhingra00020/top-100-social-media-influencers-2024-countrywise
Threads,UK,@timeoutlondon,,Time Out London,https://www.threads.net/@timeoutlondon,Travel Photography,80900,0.06%,62,https://www.kaggle.com/datasets/bhavyadhingra00020/top-100-social-media-influencers-2024-countrywise
Threads,UK,@egoofficial,,EGO OFFICIAL,https://www.threads.net/@egoofficial,Fashion & Accessory,80700,0.07%,63,https://www.kaggle.com/datasets/bhavyadhingra00020/top-100-social-media-influencers-2024-countrywise
Threads,UK,@jiganbabaoja,,Abimbola kazeem,https://www.threads.net/@jiganbabaoja,Entertainment & Music Acting & Drama Comedy,80700,0.22%,64,https://www.kaggle.com/datasets/bhavyadhingra00020/top-100-social-media-influencers-2024-countrywise
Threads,UK,@classicfm,,Classic FM,https://www.threads.net/@classicfm,Entertainment & Music Education,78300,0.55%,65,https://www.kaggle.com/datasets/bhavyadhingra00020/top-100-social-media-influencers-2024-countrywise
Threads,UK,@visitlondon,,VISIT LONDON,https://www.threads.net/@visitlondon,Travel,77100,0.3%,66,https://www.kaggle.com/datasets/bhavyadhingra00020/top-100-social-media-influencers-2024-countrywise
Threads,UK,@calumscott,,Calum Scott,https://www.threads.net/@calumscott,Entertainment & Music,76100,,67,https://www.kaggle.com/datasets/bhavyadhingra00020/top-100-social-media-influencers-2024-countrywise
Threads,UK,@theofficialselfridges,,Selfridges,https://www.threads.net/@theofficialselfridges,Fashion & Accessories,75400,0.75%,68,https://www.kaggle.com/datasets/bhavyadhingra00020/top-100-social-media-influencers-2024-countrywise
Threads,UK,@officialnffc,,Nottingham Forest,https://www.threads.net/@officialnffc,Sports,74400,0.74%,69,https://www.kaggle.com/datasets/bhavyadhingra00020/top-100-social-media-influencers-2024-countrywise
Threads,UK,@bafta,,BAFTA,https://www.threads.net/@bafta,Entertainment & Music,71800,,70,https://www.kaggle.com/datasets/bhavyadhingra00020/top-100-social-media-influencers-2024-countrywise
Threads,UK,@jacob,,JACOB RIGLIN,https://www.threads.net/@jacob,Photography Product Education Upskilling,70800,0.59%,71,https://www.kaggle.com/datasets/bhavyadhingra00020/top-100-social-media-influencers-2024-countrywise
Threads,UK,@hobopeeba,,Kristina Makeeva↟Kotleta↟Timon,https://www.threads.net/@hobopeeba,Arts & Crafts Oddly Satisfying Photography,70000,0.76%,72,https://www.kaggle.com/datasets/bhavyadhingra00020/top-100-social-media-influencers-2024-countrywise
Threads,UK,@theslowtraveler,,Carolyn,https://www.threads.net/@theslowtraveler,Travel Outdoor Activity,68600,0.67%,73,https://www.kaggle.com/datasets/bhavyadhingra00020/top-100-social-media-influencers-2024-countrywise
Threads,UK,@elvin,,Elvin Levinler 🌈,https://www.threads.net/@elvin,Fitness & Health Travel,68200,0.84%,74,https://www.kaggle.com/datasets/bhavyadhingra00020/top-100-social-media-influencers-2024-countrywise
Threads,UK,@sophiehannah,,Sophie Hannah,https://www.threads.net/@sophiehannah,Fashion & Accessories Home & Garden,68000,0.22%,75,https://www.kaggle.com/datasets/bhavyadhingra00020/top-100-social-media-influencers-2024-countrywise
Threads,UK,@bm_stores,,bm_stores,https://www.threads.net/@bm_stores,Product Showcase Finance,67900,0.51%,76,https://www.kaggle.com/datasets/bhavyadhingra00020/top-100-social-media-influencers-2024-countrywise
Threads,UK,@chloegshore1,,Chloe Ferry💀,https://www.threads.net/@chloegshore1,Entertainment & Music Fashion & Accessories,67200,0.14%,77,https://www.kaggle.com/datasets/bhavyadhingra00020/top-100-social-media-influencers-2024-countrywise
Threads,UK,@izkiz,,Jennifer Tuffen,https://www.threads.net/@izkiz,Travel,66200,0.26%,78,https://www.kaggle.com/datasets/bhavyadhingra00020/top-100-social-media-influencers-2024-countrywise
Threads,UK,@homeofcricket,,Lord's Cricket Ground,https://www.threads.net/@homeofcricket,Sports,65600,0.54%,79,https://www.kaggle.com/datasets/bhavyadhingra00020/top-100-social-media-influencers-2024-countrywise
Threads,UK,@sportsdirectfootball,,Sports Direct Football,https://www.threads.net/@sportsdirectfootball,Sports Auto and Vehicles,65500,0.11%,80,https://www.kaggle.com/datasets/bhavyadhingra00020/top-100-social-media-influencers-2024-countrywise
Threads,UK,@livefitelle,,Elle Edwards,https://www.threads.net/@livefitelle,Health & Fitness,64400,0.26%,81,https://www.kaggle.com/datasets/bhavyadhingra00020/top-100-social-media-influencers-2024-countrywise
Threads,UK,@british_english_plus,,Ahmad al-Rashid,https://www.threads.net/@british_english_plus,Education,64200,0.11%,82,https://www.kaggle.com/datasets/bhavyadhingra00020/top-100-social-media-influencers-2024-countrywise
Threads,UK,@wtf1official,,WTF1,https://www.threads.net/@wtf1official,Sports,63900,0.52%,83,https://www.kaggle.com/datasets/bhavyadhingra00020/top-100-social-media-influencers-2024-countrywise
Threads,UK,@libertylondon,,Liberty London,https://www.threads.net/@libertylondon,Shopping Arts & Crafts Fashion & Accessories,63700,,84,https://www.kaggle.com/datasets/bhavyadhingra00020/top-100-social-media-influencers-2024-countrywise
Threads,UK,@imdanielsimmons,,DANIEL SIMMONS,https://www.threads.net/@imdanielsimmons,Entertainment & Music,63200,1.37%,85,https://www.kaggle.com/datasets/bhavyadhingra00020/top-100-social-media-influencers-2024-countrywise
Threads,UK,@binkyfelstead,,BINKY FELSTEAD,https://www.threads.net/@binkyfelstead,family,62900,0.21%,86,https://www.kaggle.com/datasets/bhavyadhingra00020/top-100-social-media-influencers-2024-countrywise
Threads,UK,@jayybeech,,Jay Beech,https://www.threads.net/@jayybeech,Entertainment & Music,62800,0.27%,87,https://www.kaggle.com/datasets/bhavyadhingra00020/top-100-social-media-influencers-2024-countrywise
Threads,UK,@toufiluk,,Toufiluk | توفيلوك,https://www.threads.net/@toufiluk,Education,62700,0.67%,88,https://www.kaggle.com/datasets/bhavyadhingra00020/top-100-social-media-influencers-2024-countrywise
Threads,UK,@thesolesupplier,,The Sole Supplier,https://www.threads.net/@thesolesupplier,Fashion & Accessories,62200,0.15%,89,https://www.kaggle.com/datasets/bhavyadhingra00020/top-100-social-media-influencers-2024-countrywise
Threads,UK,@christianmartin03,,Christian Martin,https://www.threads.net/@christianmartin03,News Sports Entertainment & Music,62100,0.11%,90,https://www.kaggle.com/datasets/bhavyadhingra00020/top-100-social-media-influencers-2024-countrywise
Threads,UK,@xenia,,XENIA TCHOUMI,https://www.threads.net/@xenia,Education Upskilling Finance Entertainment & Music,61900,0.17%,91,https://www.kaggle.com/datasets/bhavyadhingra00020/top-100-social-media-influencers-2024-countrywise
Threads,UK,@pinchofnom,,Pinch of Nom,https://www.threads.net/@pinchofnom,Food,61800,0.09%,92,https://www.kaggle.com/datasets/bhavyadhingra00020/top-100-social-media-influencers-2024-countrywise
Threads,UK,@frankiebridge,,Frankie Bridge,https://www.threads.net/@frankiebridge,Entertainment & Music family Education,61200,0.32%,93,https://www.kaggle.com/datasets/bhavyadhingra00020/top-100-social-media-influencers-2024-countrywise
Threads,UK,@sambentley,,Sam | Sustainable Living,https://www.threads.net/@sambentley,Education Life & Society,60900,0.72%,94,https://www.kaggle.com/datasets/bhavyadhingra00020/top-100-social-media-influencers-2024-countrywise
Threads,UK,@tastemadeuk,,Tastemade UK,https://www.threads.net/@tastemadeuk,Food,60700,0.02%,95,https://www.kaggle.com/datasets/bhavyadhingra00020/top-100-social-media-influencers-2024-countrywise
Threads,UK,@therangeuk,,The Range,https://www.threads.net/@therangeuk,Home & Garden Arts & Crafts,60200,0.2%,96,https://www.kaggle.com/datasets/bhavyadhingra00020/top-100-social-media-influencers-2024-countrywise
Threads,UK,@astar4real,,Esther Oluchi Nwokoro,https://www.threads.net/@astar4real,Entertainment & Music Fashion & Accessories,59800,0.43%,97,https://www.kaggle.com/datasets/bhavyadhingra00020/top-100-social-media-influencers-2024-countrywise
Threads,UK,@jamiegenevieve,,Jamie Genevieve,https://www.threads.net/@jamiegenevieve,Beauty & Self Care,59800,1.55%,98,https://www.kaggle.com/datasets/bhavyadhingra00020/top-100-social-media-influencers-2024-countrywise
Threads,UK,@alphafoodie,,Samira Kazan,https://www.threads.net/@alphafoodie,Food DIY & Life Hacks,59600,0.53%,99,https://www.kaggle.com/datasets/bhavyadhingra00020/top-100-social-media-influencers-2024-countrywise
Threads,UK,@royaloperahouse,,Royal Opera House,https://www.threads.net/@royaloperahouse,Entertainment & Music,59400,0.4%,100,https://www.kaggle.com/datasets/bhavyadhingra00020/top-100-social-media-influencers-2024-countrywise
TikTok,UK,@gordonramsayofficial,,Gordon Ramsay,https://www.tiktok.com/@gordonramsayofficial,Food,40000000,1.1%,1,https://www.kaggle.com/datasets/bhavyadhingra00020/top-100-social-media-influencers-2024-countrywise
TikTok,UK,@mks.vision,,mks,https://www.tiktok.com/@mks.vision,,20600000,,2,https://www.kaggle.com/datasets/bhavyadhingra00020/top-100-social-media-influencers-2024-countrywise
TikTok,UK,@spicyycam_,,Spice King,https://www.tiktok.com/@spicyycam_,Food,19100000,,3,https://www.kaggle.com/datasets/bhavyadhingra00020/top-100-social-media-influencers-2024-countrywise
TikTok,UK,@edsheeran,,Ed Sheeran,https://www.tiktok.com/@edsheeran,Entertainment and Music,15200000,0.9%,4,https://www.kaggle.com/datasets/bhavyadhingra00020/top-100-social-media-influencers-2024-countrywise
TikTok,UK,@queenstaralien,,Queen Star 🧚🏼‍♀️,https://www.tiktok.com/@queenstaralien,Fashion and Accessories Entertainment and Music Music,11600000,0.3%,5,https://www.kaggle.com/datasets/bhavyadhingra00020/top-100-social-media-influencers-2024-countrywise
TikTok,UK,@bashtheentertainer,,BashTheEntertainer,https://www.tiktok.com/@bashtheentertainer,,10000000,,6,https://www.kaggle.com/datasets/bhavyadhingra00020/top-100-social-media-influencers-2024-countrywise
TikTok,UK,@t22felton,,Tom Felton,https://www.tiktok.com/@t22felton,Acting and Drama,9800000,0.3%,7,https://www.kaggle.com/datasets/bhavyadhingra00020/top-100-social-media-influencers-2024-countrywise
TikTok,UK,@f.ukuro,,F.ukuro / Tea,https://www.tiktok.com/@f.ukuro,Entertainment and Music Games Video Gaming,9300000,1.1%,8,https://www.kaggle.com/datasets/bhavyadhingra00020/top-100-social-media-influencers-2024-countrywise
TikTok,UK,@thequeendaro,,Queen Daro,https://www.tiktok.com/@thequeendaro,Beauty and Self Care Business and Finance,8100000,,9,https://www.kaggle.com/datasets/bhavyadhingra00020/top-100-social-media-influencers-2024-countrywise
TikTok,UK,@theroligore,,Roligore,https://www.tiktok.com/@theroligore,Entertainment and Music,6100000,,10,https://www.kaggle.com/datasets/bhavyadhingra00020/top-100-social-media-influencers-2024-countrywise
TikTok,UK,@gdresin,,Georgia Daniels,https://www.tiktok.com/@gdresin,Arts and Crafts Home and Garden,5500000,,11,https://www.kaggle.com/datasets/bhavyadhingra00020/top-100-social-media-influencers-2024-countrywise
TikTok,UK,@liampayne,,Liam Payne,https://www.tiktok.com/@liampayne,,5300000,0.2%,12,https://www.kaggle.com/datasets/bhavyadhingra00020/top-100-social-media-influencers-2024-countrywise
TikTok,UK,@mmeowmmia,,Mia & Jerrie,https://www.tiktok.com/@mmeowmmia,Pets,4900000,1.1%,13,https://www.kaggle.com/datasets/bhavyadhingra00020/top-100-social-media-influencers-2024-countrywise
TikTok,UK,@scoobiezoobie,,Lola clark,https://www.tiktok.com/@scoobiezoobie,Entertainment and Music,4600000,0.7%,14,https://www.kaggle.com/datasets/bhavyadhingra00020/top-100-social-media-influencers-2024-countrywise
TikTok,UK,@evaaviolett,,eva violet,https://www.tiktok.com/@evaaviolett,Beauty and Self Care Entertainment and Music,4600000,,15,https://www.kaggle.com/datasets/bhavyadhingra00020/top-100-social-media-influencers-2024-countrywise
TikTok,UK,@livcookefs,,Liv Cooke,https://www.tiktok.com/@livcookefs,Sports,4600000,,16,https://www.kaggle.com/datasets/bhavyadhingra00020/top-100-social-media-influencers-2024-countrywise
TikTok,UK,@aishofficial22,,AiSh,https://www.tiktok.com/@aishofficial22,Music,4200000,,17,https://www.kaggle.com/datasets/bhavyadhingra00020/top-100-social-media-influencers-2024-countrywise
TikTok,UK,@tiktok_uk,,TikTok UK,https://www.tiktok.com/@tiktok_uk,,4200000,,18,https://www.kaggle.com/datasets/bhavyadhingra00020/top-100-social-media-influencers-2024-countrywise
TikTok,UK,@thrdfloor,,Adam Blythe,https://www.tiktok.com/@thrdfloor,Fashion and Accessories,3800000,,19,https://www.kaggle.com/datasets/bhavyadhingra00020/top-100-social-media-influencers-2024-countrywise
TikTok,UK,@charlotte__martel,,chartel,https://www.tiktok.com/@charlotte__martel,Arts and Crafts,3600000,,20,https://www.kaggle.com/datasets/bhavyadhingra00020/top-100-social-media-influencers-2024-countrywise
TikTok,UK,@nickelodeonuk,,NickelodeonUK,https://www.tiktok.com/@nickelodeonuk,Entertainment and Music Animation and Cosplay,3400000,,21,https://www.kaggle.com/datasets/bhavyadhingra00020/top-100-social-media-influencers-2024-countrywise
TikTok,UK,@_adammcg,,Adam :),https://www.tiktok.com/@_adammcg,Entertainment and Music,3000000,13.3%,22,https://www.kaggle.com/datasets/bhavyadhingra00020/top-100-social-media-influencers-2024-countrywise
TikTok,UK,@jaydecandance,,Jaydecandance,https://www.tiktok.com/@jaydecandance,,3000000,,23,https://www.kaggle.com/datasets/bhavyadhingra00020/top-100-social-media-influencers-2024-countrywise
TikTok,UK,@instantenglish,,Instant English,https://www.tiktok.com/@instantenglish,Education,2900000,,24,https://www.kaggle.com/datasets/bhavyadhingra00020/top-100-social-media-influencers-2024-countrywise
TikTok,UK,@ember.w0lf,,Ember Wolf 🐺,https://www.tiktok.com/@ember.w0lf,Animation and Cosplay,2900000,,25,https://www.kaggle.com/datasets/bhavyadhingra00020/top-100-social-media-influencers-2024-countrywise
TikTok,UK,@bgt,,Britain’s Got Talent,https://www.tiktok.com/@bgt,Entertainment and Music,2800000,0.2%,26,https://www.kaggle.com/datasets/bhavyadhingra00020/top-100-social-media-influencers-2024-countrywise
TikTok,UK,@anthonyhopkins,,Anthony Hopkins,https://www.tiktok.com/@anthonyhopkins,Arts and Crafts Entertainment and Music Acting and Drama Celebrity,2800000,0.4%,27,https://www.kaggle.com/datasets/bhavyadhingra00020/top-100-social-media-influencers-2024-countrywise
TikTok,UK,@astar4real,,Esther,https://www.tiktok.com/@astar4real,Education,2500000,0.2%,28,https://www.kaggle.com/datasets/bhavyadhingra00020/top-100-social-media-influencers-2024-countrywise
TikTok,UK,@craigjones221,,Craig Jones,https://www.tiktok.com/@craigjones221,Business and Finance,2500000,,29,https://www.kaggle.com/datasets/bhavyadhingra00020/top-100-social-media-influencers-2024-countrywise
TikTok,UK,@ryley,,Ryley Isaac,https://www.tiktok.com/@ryley,,2400000,,30,https://www.kaggle.com/datasets/bhavyadhingra00020/top-100-social-media-influencers-2024-countrywise
TikTok,UK,@redbulluk,,Red Bull UK,https://www.tiktok.com/@redbulluk,Entertainment and Music,2300000,,31,https://www.kaggle.com/datasets/bhavyadhingra00020/top-100-social-media-influencers-2024-countrywise
TikTok,UK,@mehwishshah06,,Mehwish Official,https://www.tiktok.com/@mehwishshah06,,2300000,,32,https://www.kaggle.com/datasets/bhavyadhingra00020/top-100-social-media-influencers-2024-countrywise
TikTok,UK,@marinaswrld,,Marina,https://www.tiktok.com/@marinaswrld,Entertainment and Music Funny,2300000,,33,https://www.kaggle.com/datasets/bhavyadhingra00020/top-100-social-media-influencers-2024-countrywise
TikTok,UK,@juicyboytv,,Juicy Boy 🌹,https://www.tiktok.com/@juicyboytv,Beauty and Self Care,2200000,0.6%,34,https://www.kaggle.com/datasets/bhavyadhingra00020/top-100-social-media-influencers-2024-countrywise
TikTok,UK,@skybrown,,Sky Brown,https://www.tiktok.com/@skybrown,Sports,2100000,,35,https://www.kaggle.com/datasets/bhavyadhingra00020/top-100-social-media-influencers-2024-countrywise
TikTok,UK,@janelthebear,,j breezy,https://www.tiktok.com/@janelthebear,Entertainment and Music,2000000,,36,https://www.kaggle.com/datasets/bhavyadhingra00020/top-100-social-media-influencers-2024-countrywise
TikTok,UK,@connorckern,,Connorckern,https://www.tiktok.com/@connorckern,family,2000000,,37,https://www.kaggle.com/datasets/bhavyadhingra00020/top-100-social-media-influencers-2024-countrywise
TikTok,UK,@jamescordenclips,,James Corden,https://www.tiktok.com/@jamescordenclips,Entertainment and Music Funny,2000000,,38,https://www.kaggle.com/datasets/bhavyadhingra00020/top-100-social-media-influencers-2024-countrywise
TikTok,UK,@magicsingh,,Magic Singh,https://www.tiktok.com/@magicsingh,Entertainment and Music,2000000,,39,https://www.kaggle.com/datasets/bhavyadhingra00020/top-100-social-media-influencers-2024-countrywise
TikTok,UK,@miachalliner,,mia challiner,https://www.tiktok.com/@miachalliner,Entertainment and Music,2000000,2.7%,40,https://www.kaggle.com/datasets/bhavyadhingra00020/top-100-social-media-influencers-2024-countrywise
TikTok,UK,@scaredy_cat_cosplays,,Nikkita XIII,https://www.tiktok.com/@scaredy_cat_cosplays,Animation and Cosplay,1900000,,41,https://www.kaggle.com/datasets/bhavyadhingra00020/top-100-social-media-influencers-2024-countrywise
TikTok,UK,@lunadimusic,,Luna Di,https://www.tiktok.com/@lunadimusic,Entertainment and Music,1900000,,42,https://www.kaggle.com/datasets/bhavyadhingra00020/top-100-social-media-influencers-2024-countrywise
TikTok,UK,@wasishah0077,,𝑊𝑎𝑠𝑖,https://www.tiktok.com/@wasishah0077,,1900000,,43,https://www.kaggle.com/datasets/bhavyadhingra00020/top-100-social-media-influencers-2024-countrywise
TikTok,UK,@abdurahmanafia,,Abdurahman Afia,https://www.tiktok.com/@abdurahmanafia,,1900000,0.2%,44,https://www.kaggle.com/datasets/bhavyadhingra00020/top-100-social-media-influencers-2024-countrywise
TikTok,UK,@aiden_london,,Aiden London,https://www.tiktok.com/@aiden_london,Funny Celebrity,1800000,,45,https://www.kaggle.com/datasets/bhavyadhingra00020/top-100-social-media-influencers-2024-countrywise
TikTok,UK,@thegilberttwins,,Carine & Frances,https://www.tiktok.com/@thegilberttwins,Entertainment and Music,1800000,,46,https://www.kaggle.com/datasets/bhavyadhingra00020/top-100-social-media-influencers-2024-countrywise
TikTok,UK,@itslilyrose,,Lily-Rose 🌹,https://www.tiktok.com/@itslilyrose,Fashion and Accessories,1800000,,47,https://www.kaggle.com/datasets/bhavyadhingra00020/top-100-social-media-influencers-2024-countrywise
TikTok,UK,@idriselba,,Idris Elba,https://www.tiktok.com/@idriselba,,1800000,0.3%,48,https://www.kaggle.com/datasets/bhavyadhingra00020/top-100-social-media-influencers-2024-countrywise
TikTok,UK,@rxneexx,,Renee,https://www.tiktok.com/@rxneexx,,1700000,,49,https://www.kaggle.com/datasets/bhavyadhingra00020/top-100-social-media-influencers-2024-countrywise
TikTok,UK,@glambyflo,,Flo,https://www.tiktok.com/@glambyflo,,1700000,,50,https://www.kaggle.com/datasets/bhavyadhingra00020/top-100-social-media-influencers-2024-countrywise
TikTok,UK,@steveharveyfunnymoments,,steveharveyfunnymoments,https://www.tiktok.com/@steveharveyfunnymoments,,1700000,,51,https://www.kaggle.com/datasets/bhavyadhingra00020/top-100-social-media-influencers-2024-countrywise
TikTok,UK,@gorillaz,,Gorillaz,https://www.tiktok.com/@gorillaz,,1700000,0.1%,52,https://www.kaggle.com/datasets/bhavyadhingra00020/top-100-social-media-influencers-2024-countrywise
TikTok,UK,@greatbritishmemes,,greatbritishmemes,https://www.tiktok.com/@greatbritishmemes,Entertainment and Music Funny Life and Society,1700000,,53,https://www.kaggle.com/datasets/bhavyadhingra00020/top-100-social-media-influencers-2024-countrywise
TikTok,UK,@lucyedwards,,British blind girl 👁🦮👩‍🦯,https://www.tiktok.com/@lucyedwards,Beauty and Self Care Entertainment and Music,1700000,,54,https://www.kaggle.com/datasets/bhavyadhingra00020/top-100-social-media-influencers-2024-countrywise
TikTok,UK,@its_danzy,,Danzy,https://www.tiktok.com/@its_danzy,Entertainment and Music,1600000,0.1%,55,https://www.kaggle.com/datasets/bhavyadhingra00020/top-100-social-media-influencers-2024-countrywise
TikTok,UK,@helen_christie,,Helen Christie,https://www.tiktok.com/@helen_christie,Entertainment and Music,1600000,19.6%,56,https://www.kaggle.com/datasets/bhavyadhingra00020/top-100-social-media-influencers-2024-countrywise
TikTok,UK,@jordanrabjohn,,Jordan Rabjohn,https://www.tiktok.com/@jordanrabjohn,Entertainment and Music Music,1600000,,57,https://www.kaggle.com/datasets/bhavyadhingra00020/top-100-social-media-influencers-2024-countrywise
TikTok,UK,@tommytiktok88,,⭐ Tommy TikTok ⭐,https://www.tiktok.com/@tommytiktok88,Funny Entertainment and Music,1600000,,58,https://www.kaggle.com/datasets/bhavyadhingra00020/top-100-social-media-influencers-2024-countrywise
TikTok,UK,@charlixcx,,Charli XCX,https://www.tiktok.com/@charlixcx,Entertainment and Music,1600000,,59,https://www.kaggle.com/datasets/bhavyadhingra00020/top-100-social-media-influencers-2024-countrywise
TikTok,UK,@theonlymissballinger,,JESSICA BALLINGER,https://www.tiktok.com/@theonlymissballinger,,1500000,,60,https://www.kaggle.com/datasets/bhavyadhingra00020/top-100-social-media-influencers-2024-countrywise
TikTok,UK,@williamharvey92,,William Harvey,https://www.tiktok.com/@williamharvey92,Entertainment and Music,1500000,2.6%,61,https://www.kaggle.com/datasets/bhavyadhingra00020/top-100-social-media-influencers-2024-countrywise
TikTok,UK,@sebastiancroft,,SebastianCroft,https://www.tiktok.com/@sebastiancroft,Entertainment and Music,1500000,0.8%,62,https://www.kaggle.com/datasets/bhavyadhingra00020/top-100-social-media-influencers-2024-countrywise
TikTok,UK,@adeibb,,Adeib,https://www.tiktok.com/@adeibb,Photography,1500000,0.2%,63,https://www.kaggle.com/datasets/bhavyadhingra00020/top-100-social-media-influencers-2024-countrywise
TikTok,UK,@wolves,,wolves,https://www.tiktok.com/@wolves,Sports,1500000,,64,https://www.kaggle.com/datasets/bhavyadhingra00020/top-100-social-media-influencers-2024-countrywise
TikTok,UK,@twistandpulse,,Twist and Pulse,https://www.tiktok.com/@twistandpulse,Entertainment and Music,1400000,,65,https://www.kaggle.com/datasets/bhavyadhingra00020/top-100-social-media-influencers-2024-countrywise
TikTok,UK,@fallenspiritofficial,,The 🇬🇧 Voodoo God (Simon),https://www.tiktok.com/@fallenspiritofficial,,1400000,,66,https://www.kaggle.com/datasets/bhavyadhingra00020/top-100-social-media-influencers-2024-countrywise
TikTok,UK,@hajimesah0ge,,my name is tea ☕️,https://www.tiktok.com/@hajimesah0ge,Animation and Cosplay,1400000,,67,https://www.kaggle.com/datasets/bhavyadhingra00020/top-100-social-media-influencers-2024-countrywise
TikTok,UK,@poshposh82,,Posh posh,https://www.tiktok.com/@poshposh82,,1400000,,68,https://www.kaggle.com/datasets/bhavyadhingra00020/top-100-social-media-influencers-2024-countrywise
TikTok,UK,@chloeadamsmusic,,Chloe Adams,https://www.tiktok.com/@chloeadamsmusic,Entertainment and Music,1400000,,69,https://www.kaggle.com/datasets/bhavyadhingra00020/top-100-social-media-influencers-2024-countrywise
TikTok,UK,@officialbeth,,𝖡𝖤𝖳𝖧𝖠𝖭𝖨𝖤𝖳𝖠𝖸𝖫𝖮𝖱,https://www.tiktok.com/@officialbeth,Entertainment and Music Fashion and Accessories,1400000,0.1%,70,https://www.kaggle.com/datasets/bhavyadhingra00020/top-100-social-media-influencers-2024-countrywise
TikTok,UK,@georgiafawcett,,✨Georgia Fawcett✨,https://www.tiktok.com/@georgiafawcett,Acting and Drama Celebrity,1400000,,71,https://www.kaggle.com/datasets/bhavyadhingra00020/top-100-social-media-influencers-2024-countrywise
TikTok,UK,@ladyleshurr,,Lady Leshurr,https://www.tiktok.com/@ladyleshurr,Entertainment and Music,1400000,,72,https://www.kaggle.com/datasets/bhavyadhingra00020/top-100-social-media-influencers-2024-countrywise
TikTok,UK,@altokeymusic,,Alto Key | Indie Artist,https://www.tiktok.com/@altokeymusic,Music,1400000,,73,https://www.kaggle.com/datasets/bhavyadhingra00020/top-100-social-media-influencers-2024-countrywise
TikTok,UK,@hailozzy,,Hail Ozzy,https://www.tiktok.com/@hailozzy,Entertainment and Music,1400000,,74,https://www.kaggle.com/datasets/bhavyadhingra00020/top-100-social-media-influencers-2024-countrywise
TikTok,UK,@jmrprdo69,,TRH•Lord Xin.,https://www.tiktok.com/@jmrprdo69,Games Entertainment and Music,1400000,,75,https://www.kaggle.com/datasets/bhavyadhingra00020/top-100-social-media-influencers-2024-countrywise
TikTok,UK,@almost.cesca,,simba 🦁,https://www.tiktok.com/@almost.cesca,Fashion and Accessories Arts and Crafts,1400000,,76,https://www.kaggle.com/datasets/bhavyadhingra00020/top-100-social-media-influencers-2024-countrywise
TikTok,UK,@imdanielsimmons,,Daniel Simmons,https://www.tiktok.com/@imdanielsimmons,Fashion and Accessories,1300000,0.1%,77,https://www.kaggle.com/datasets/bhavyadhingra00020/top-100-social-media-influencers-2024-countrywise
TikTok,UK,@prince_jayyyy,,Prince John,https://www.tiktok.com/@prince_jayyyy,Food,1300000,,78,https://www.kaggle.com/datasets/bhavyadhingra00020/top-100-social-media-influencers-2024-countrywise
TikTok,UK,@avfcofficial,,avfcofficial,https://www.tiktok.com/@avfcofficial,Sports,1300000,0.2%,79,https://www.kaggle.com/datasets/bhavyadhingra00020/top-100-social-media-influencers-2024-countrywise
TikTok,UK,@mythicaliity,,mythicaliity,https://www.tiktok.com/@mythicaliity,,1300000,,80,https://www.kaggle.com/datasets/bhavyadhingra00020/top-100-social-media-influencers-2024-countrywise
TikTok,UK,@twettyfall,,twettyfall,https://www.tiktok.com/@twettyfall,Fashion and Accessories,1300000,,81,https://www.kaggle.com/datasets/bhavyadhingra00020/top-100-social-media-influencers-2024-countrywise
TikTok,UK,@blessrichard,,CHAPLIN CHARLIE,https://www.tiktok.com/@blessrichard,,1300000,,82,https://www.kaggle.com/datasets/bhavyadhingra00020/top-100-social-media-influencers-2024-countrywise
TikTok,UK,@realesthiphop,,UK REALEST,https://www.tiktok.com/@realesthiphop,,1300000,,83,https://www.kaggle.com/datasets/bhavyadhingra00020/top-100-social-media-influencers-2024-countrywise
TikTok,UK,@katieprice,,Katie Price,https://www.tiktok.com/@katieprice,Entertainment and Music,1200000,0.1%,84,https://www.kaggle.com/datasets/bhavyadhingra00020/top-100-social-media-influencers-2024-countrywise
TikTok,UK,@gvelondon,,GVE London,https://www.tiktok.com/@gvelondon,,1200000,,85,https://www.kaggle.com/datasets/bhavyadhingra00020/top-100-social-media-influencers-2024-countrywise
TikTok,UK,@newrulesband,,New Rules,https://www.tiktok.com/@newrulesband,,1200000,,86,https://www.kaggle.com/datasets/bhavyadhingra00020/top-100-social-media-influencers-2024-countrywise
TikTok,UK,@callum.grant7,,Callum Grant,https://www.tiktok.com/@callum.grant7,Entertainment and Music,1200000,,87,https://www.kaggle.com/datasets/bhavyadhingra00020/top-100-social-media-influencers-2024-countrywise
TikTok,UK,@onthetoolstv,,On The Tools,https://www.tiktok.com/@onthetoolstv,DIY and Life Hacks Home and Garden,1200000,,88,https://www.kaggle.com/datasets/bhavyadhingra00020/top-100-social-media-influencers-2024-countrywise
TikTok,UK,@lauralouise20,,lauralouise,https://www.tiktok.com/@lauralouise20,Fashion and Accessories,1200000,,89,https://www.kaggle.com/datasets/bhavyadhingra00020/top-100-social-media-influencers-2024-countrywise
TikTok,UK,@torierobot,,Victoria Rose,https://www.tiktok.com/@torierobot,Travel Arts and Crafts Entertainment and Music,1200000,,90,https://www.kaggle.com/datasets/bhavyadhingra00020/top-100-social-media-influencers-2024-countrywise
TikTok,UK,@dadvgirls,,Dad V Girls,https://www.tiktok.com/@dadvgirls,family Entertainment and Music,1200000,0.1%,91,https://www.kaggle.com/datasets/bhavyadhingra00020/top-100-social-media-influencers-2024-countrywise
TikTok,UK,@rosie_rgm,,Rosie Mcclelland 💗🦋,https://www.tiktok.com/@rosie_rgm,Entertainment and Music,1200000,,92,https://www.kaggle.com/datasets/bhavyadhingra00020/top-100-social-media-influencers-2024-countrywise
TikTok,UK,@caringwhispers_asmr,,Caring Whispers ASMR,https://www.tiktok.com/@caringwhispers_asmr,Entertainment and Music,1200000,,93,https://www.kaggle.com/datasets/bhavyadhingra00020/top-100-social-media-influencers-2024-countrywise
TikTok,UK,@paulleehiley,,Paul Lee Hiley,https://www.tiktok.com/@paulleehiley,Beauty and Self Care,1200000,,94,https://www.kaggle.com/datasets/bhavyadhingra00020/top-100-social-media-influencers-2024-countrywise
TikTok,UK,@joe_sugg,,Joe Sugg,https://www.tiktok.com/@joe_sugg,Entertainment and Music,1200000,,95,https://www.kaggle.com/datasets/bhavyadhingra00020/top-100-social-media-influencers-2024-countrywise
TikTok,UK,@adamkajumi,,Adam Kajumi 🇨🇿,https://www.tiktok.com/@adamkajumi,Entertainment and Music Funny,1200000,0.8%,96,https://www.kaggle.com/datasets/bhavyadhingra00020/top-100-social-media-influencers-2024-countrywise
TikTok,UK,@iskra,,iskra lawrence,https://www.tiktok.com/@iskra,Fitness and Health,1200000,,97,https://www.kaggle.com/datasets/bhavyadhingra00020/top-100-social-media-influencers-2024-countrywise
TikTok,UK,@catburnss,,Cat Burns,https://www.tiktok.com/@catburnss,Pets,1200000,,98,https://www.kaggle.com/datasets/bhavyadhingra00020/top-100-social-media-influencers-2024-countrywise
TikTok,UK,@savage,,Ruben Chorlton-Owen “SAVAGE”,https://www.tiktok.com/@savage,,1200000,,99,https://www.kaggle.com/datasets/bhavyadhingra00020/top-100-social-media-influencers-2024-countrywise
TikTok,UK,@yorkshirepeach,,Yorkshire Peach,https://www.tiktok.com/@yorkshirepeach,Entertainment and Music,1100000,,100,https://www.kaggle.com/datasets/bhavyadhingra00020/top-100-social-media-influencers-2024-countrywise
YouTube,UK,,UC_aEa8K-EOJ3D6gOs7HcyNg,NoCopyrightSounds,https://www.youtube.com/channel/UC_aEa8K-EOJ3D6gOs7HcyNg,Música,32900000,,1,https://www.kaggle.com/datasets/bhavyadhingra00020/top-100-social-media-influencers-2024-countrywise
YouTube,UK,,UCS5Oz6CHmeoF7vSad0qqXfw,DanTDM,https://www.youtube.com/channel/UCS5Oz6CHmeoF7vSad0qqXfw,,26300000,,2,https://www.kaggle.com/datasets/bhavyadhingra00020/top-100-social-media-influencers-2024-countrywise
YouTube,UK,,UCVtFOytbRpEvzLjvqGG5gxQ,KSI,https://www.youtube.com/channel/UCVtFOytbRpEvzLjvqGG5gxQ,,24000000,,3,https://www.kaggle.com/datasets/bhavyadhingra00020/top-100-social-media-influencers-2024-countrywise
YouTube,UK,,UC_8PAD0Qmi6_gpe77S1Atgg,Mister Max,https://www.youtube.com/channel/UC_8PAD0Qmi6_gpe77S1Atgg,,23000000,0.1%,4,https://www.kaggle.com/datasets/bhavyadhingra00020/top-100-social-media-influencers-2024-countrywise
YouTube,UK,,UC0DZmkupLYwc0yDsfocLh0A,Jelly,https://www.youtube.com/channel/UC0DZmkupLYwc0yDsfocLh0A,,22900000,,5,https://www.kaggle.com/datasets/bhavyadhingra00020/top-100-social-media-influencers-2024-countrywise
YouTube,UK,,UCcartHVtvAUzfajflyeT_Gg,Miss Katy,https://www.youtube.com/channel/UCcartHVtvAUzfajflyeT_Gg,,22600000,,6,https://www.kaggle.com/datasets/bhavyadhingra00020/top-100-social-media-influencers-2024-countrywise
YouTube,UK,,UC-J-KZfRV8c13fOCkhXdLiQ,Dua Lipa,https://www.youtube.com/channel/UC-J-KZfRV8c13fOCkhXdLiQ,,21100000,,7,https://www.kaggle.com/datasets/bhavyadhingra00020/top-100-social-media-influencers-2024-countrywise
YouTube,UK,,UC6D1L2vxEAg_Vi0JSxMBDgA,Dan Rhodes,https://www.youtube.com/channel/UC6D1L2vxEAg_Vi0JSxMBDgA,,17700000,0.3%,8,https://www.kaggle.com/datasets/bhavyadhingra00020/top-100-social-media-influencers-2024-countrywise
YouTube,UK,,UCYVinkwSX7szARULgYpvhLw,Ali-A,https://www.youtube.com/channel/UCYVinkwSX7szARULgYpvhLw,,17700000,,9,https://www.kaggle.com/datasets/bhavyadhingra00020/top-100-social-media-influencers-2024-countrywise
YouTube,UK,,UCHwBjRoGO1V-H8QYXjSVHkQ,Gaby and Alex,https://www.youtube.com/channel/UCHwBjRoGO1V-H8QYXjSVHkQ,,17000000,,10,https://www.kaggle.com/datasets/bhavyadhingra00020/top-100-social-media-influencers-2024-countrywise
YouTube,UK,,sidemen,Sidemen,https://www.youtube.com/channel/sidemen,,17000000,2.8%,11,https://www.kaggle.com/datasets/bhavyadhingra00020/top-100-social-media-influencers-2024-countrywise
YouTube,UK,,UCiMhD4jzUqG-IgPzUmmytRQ,Queen Official,https://www.youtube.com/channel/UCiMhD4jzUqG-IgPzUmmytRQ,,16300000,,12,https://www.kaggle.com/datasets/bhavyadhingra00020/top-100-social-media-influencers-2024-countrywise
YouTube,UK,,UCIvqWqjC4aLvp7zI8hzARrA,Little Mix,https://www.youtube.com/channel/UCIvqWqjC4aLvp7zI8hzARrA,,16100000,,13,https://www.kaggle.com/datasets/bhavyadhingra00020/top-100-social-media-influencers-2024-countrywise
YouTube,UK,,UCGmnsW623G1r-Chmo5RB4Yw,JJ Olatunji,https://www.youtube.com/channel/UCGmnsW623G1r-Chmo5RB4Yw,,15900000,,14,https://www.kaggle.com/datasets/bhavyadhingra00020/top-100-social-media-influencers-2024-countrywise
YouTube,UK,,UCKvn9VBLAiLiYL4FFJHri6g,F2Freestylers - Ultimate Soccer Skills Channel,https://www.youtube.com/channel/UCKvn9VBLAiLiYL4FFJHri6g,Celebridad,14000000,0.2%,15,https://www.kaggle.com/datasets/bhavyadhingra00020/top-100-social-media-influencers-2024-countrywise
YouTube,UK,,UC16niRr50-MSBwiO3YDb3RA,BBC News,https://www.youtube.com/channel/UC16niRr50-MSBwiO3YDb3RA,,13300000,,16,https://www.kaggle.com/datasets/bhavyadhingra00020/top-100-social-media-influencers-2024-countrywise
YouTube,UK,,UCCj956IF62FbT7Gouszaj9w,BBC,https://www.youtube.com/channel/UCCj956IF62FbT7Gouszaj9w,,12900000,,17,https://www.kaggle.com/datasets/bhavyadhingra00020/top-100-social-media-influencers-2024-countrywise
YouTube,UK,,UCBq5hp6DvwWam2XOXw6lYJA,Awakening Music,https://www.youtube.com/channel/UCBq5hp6DvwWam2XOXw6lYJA,सङ्गीत,12400000,,18,https://www.kaggle.com/datasets/bhavyadhingra00020/top-100-social-media-influencers-2024-countrywise
YouTube,UK,,UCLeuoGy_hUDTBf5Hk0ynrpQ,DisneyChannelUK,https://www.youtube.com/channel/UCLeuoGy_hUDTBf5Hk0ynrpQ,,12300000,,19,https://www.kaggle.com/datasets/bhavyadhingra00020/top-100-social-media-influencers-2024-countrywise
YouTube,UK,,UCp68_FLety0O-n9QU6phsgw,colinfurze,https://www.youtube.com/channel/UCp68_FLety0O-n9QU6phsgw,,11900000,0.6%,20,https://www.kaggle.com/datasets/bhavyadhingra00020/top-100-social-media-influencers-2024-countrywise
YouTube,UK,,UCMiJRAwDNSNzuYeN2uWa0pA,Mrwhosetheboss,https://www.youtube.com/channel/UCMiJRAwDNSNzuYeN2uWa0pA,,11800000,1.9%,21,https://www.kaggle.com/datasets/bhavyadhingra00020/top-100-social-media-influencers-2024-countrywise
YouTube,UK,,UC5p_l5ZeB_wGjO_yDXwiqvw,TommyInnit,https://www.youtube.com/channel/UC5p_l5ZeB_wGjO_yDXwiqvw,,11700000,,22,https://www.kaggle.com/datasets/bhavyadhingra00020/top-100-social-media-influencers-2024-countrywise
YouTube,UK,,UCBwSufNse8VMBvQM_rCSvgQ,Morgz,https://www.youtube.com/channel/UCBwSufNse8VMBvQM_rCSvgQ,,11600000,0.1%,23,https://www.kaggle.com/datasets/bhavyadhingra00020/top-100-social-media-influencers-2024-countrywise
YouTube,UK,,UC6sSkkemzPjmrzS0Y0V_2zw,Tiana,https://www.youtube.com/channel/UC6sSkkemzPjmrzS0Y0V_2zw,,11400000,,24,https://www.kaggle.com/datasets/bhavyadhingra00020/top-100-social-media-influencers-2024-countrywise
YouTube,UK,,UC7Gf2tZ8coTX2ckTPgn62iQ,DisneyJuniorUK,https://www.youtube.com/channel/UC7Gf2tZ8coTX2ckTPgn62iQ,,11200000,,25,https://www.kaggle.com/datasets/bhavyadhingra00020/top-100-social-media-influencers-2024-countrywise
YouTube,UK,,UC-0D1RlSzcvBoODCKSoLl2g,Emily Tube,https://www.youtube.com/channel/UC-0D1RlSzcvBoODCKSoLl2g,,11000000,,26,https://www.kaggle.com/datasets/bhavyadhingra00020/top-100-social-media-influencers-2024-countrywise
YouTube,UK,,UCHdMK5Ef2El8KbD3L_WgANg,Slogo,https://www.youtube.com/channel/UCHdMK5Ef2El8KbD3L_WgANg,,10900000,,27,https://www.kaggle.com/datasets/bhavyadhingra00020/top-100-social-media-influencers-2024-countrywise
YouTube,UK,,UC4pEp0mo54WhEBCTYvjVDJA,Jessie J,https://www.youtube.com/channel/UC4pEp0mo54WhEBCTYvjVDJA,,10400000,,28,https://www.kaggle.com/datasets/bhavyadhingra00020/top-100-social-media-influencers-2024-countrywise
YouTube,UK,,UCwTRjvjVge51X-ILJ4i22ew,Sing King,https://www.youtube.com/channel/UCwTRjvjVge51X-ILJ4i22ew,,10200000,,29,https://www.kaggle.com/datasets/bhavyadhingra00020/top-100-social-media-influencers-2024-countrywise
YouTube,UK,,UCelk6aHijZq-GJBBB9YpReA,BBC News عربي,https://www.youtube.com/channel/UCelk6aHijZq-GJBBB9YpReA,,10100000,,30,https://www.kaggle.com/datasets/bhavyadhingra00020/top-100-social-media-influencers-2024-countrywise
YouTube,UK,,UCEwIUtFBhaI2L2PuKv0KL2g,Classic Mr Bean,https://www.youtube.com/channel/UCEwIUtFBhaI2L2PuKv0KL2g,,9900000,,31,https://www.kaggle.com/datasets/bhavyadhingra00020/top-100-social-media-influencers-2024-countrywise
YouTube,UK,,UC1ieoHqKW-yYgDhLHIcx28w,Syndicate,https://www.youtube.com/channel/UC1ieoHqKW-yYgDhLHIcx28w,,9700000,,32,https://www.kaggle.com/datasets/bhavyadhingra00020/top-100-social-media-influencers-2024-countrywise
YouTube,UK,,UCfIXdjDQH9Fau7y99_Orpjw,Gorillaz,https://www.youtube.com/channel/UCfIXdjDQH9Fau7y99_Orpjw,,9400000,0.1%,33,https://www.kaggle.com/datasets/bhavyadhingra00020/top-100-social-media-influencers-2024-countrywise
YouTube,UK,,UCoGForHQAmk0_9rI9CABeYw,Woody & Kleiny,https://www.youtube.com/channel/UCoGForHQAmk0_9rI9CABeYw,,9400000,1.1%,34,https://www.kaggle.com/datasets/bhavyadhingra00020/top-100-social-media-influencers-2024-countrywise
YouTube,UK,,UChUHOEe7zgYmrv7a_LlpNng,Jungle Beat,https://www.youtube.com/channel/UChUHOEe7zgYmrv7a_LlpNng,यात्रा,9300000,,35,https://www.kaggle.com/datasets/bhavyadhingra00020/top-100-social-media-influencers-2024-countrywise
YouTube,UK,,juliusdein,Julius Dein,https://www.youtube.com/channel/juliusdein,,9200000,,36,https://www.kaggle.com/datasets/bhavyadhingra00020/top-100-social-media-influencers-2024-countrywise
YouTube,UK,,UCEY1ejsweY4DgMwOVJeEaBA,The X Factor UK,https://www.youtube.com/channel/UCEY1ejsweY4DgMwOVJeEaBA,,9100000,0.1%,37,https://www.kaggle.com/datasets/bhavyadhingra00020/top-100-social-media-influencers-2024-countrywise
YouTube,UK,,UCz4tgANd4yy8Oe0iXCdSWfA,English with Lucy,https://www.youtube.com/channel/UCz4tgANd4yy8Oe0iXCdSWfA,,9000000,,38,https://www.kaggle.com/datasets/bhavyadhingra00020/top-100-social-media-influencers-2024-countrywise
YouTube,UK,,UCS7H8U-n5mINVJjJsaRtGHg,Shaun the Sheep,https://www.youtube.com/channel/UCS7H8U-n5mINVJjJsaRtGHg,,8900000,,39,https://www.kaggle.com/datasets/bhavyadhingra00020/top-100-social-media-influencers-2024-countrywise
YouTube,UK,,UC977n5nXRn8MDuGQjwxkOLw,Cartoons for Kids,https://www.youtube.com/channel/UC977n5nXRn8MDuGQjwxkOLw,,8700000,,40,https://www.kaggle.com/datasets/bhavyadhingra00020/top-100-social-media-influencers-2024-countrywise
YouTube,UK,,UChFur_NwVSbUozOcF_F2kMg,Mumbo Jumbo,https://www.youtube.com/channel/UChFur_NwVSbUozOcF_F2kMg,भिडियो गेमिङ,8500000,1.7%,41,https://www.kaggle.com/datasets/bhavyadhingra00020/top-100-social-media-influencers-2024-countrywise
YouTube,UK,,UCjOl2AUblVmg2rA_cRgZkFg,Top Gear,https://www.youtube.com/channel/UCjOl2AUblVmg2rA_cRgZkFg,,8400000,,42,https://www.kaggle.com/datasets/bhavyadhingra00020/top-100-social-media-influencers-2024-countrywise
YouTube,UK,,UC1QqdFv5e9QSEi0eYdfwuqw,Moonbug Kids - Kids Learning Videos,https://www.youtube.com/channel/UC1QqdFv5e9QSEi0eYdfwuqw,,8300000,,43,https://www.kaggle.com/datasets/bhavyadhingra00020/top-100-social-media-influencers-2024-countrywise
YouTube,UK,,UC-FQUIVQ-bZiefzBiQAa8Fw,BBC Radio 1,https://www.youtube.com/channel/UC-FQUIVQ-bZiefzBiQAa8Fw,,8100000,,44,https://www.kaggle.com/datasets/bhavyadhingra00020/top-100-social-media-influencers-2024-countrywise
YouTube,UK,,liverpoolfc,Liverpool FC,https://www.youtube.com/channel/liverpoolfc,,8000000,,45,https://www.kaggle.com/datasets/bhavyadhingra00020/top-100-social-media-influencers-2024-countrywise
YouTube,UK,,UCR9Gcq0CMm6YgTzsDxAxjOQ,Grian,https://www.youtube.com/channel/UCR9Gcq0CMm6YgTzsDxAxjOQ,,7800000,1.8%,46,https://www.kaggle.com/datasets/bhavyadhingra00020/top-100-social-media-influencers-2024-countrywise
YouTube,UK,,UCDBCCMlFD-hArPbWv38FINA,Daz Games,https://www.youtube.com/channel/UCDBCCMlFD-hArPbWv38FINA,,7600000,0.3%,47,https://www.kaggle.com/datasets/bhavyadhingra00020/top-100-social-media-influencers-2024-countrywise
YouTube,UK,,UCvwgF_0NOZe2vN4Q3g1bY-A,Vikkstar123,https://www.youtube.com/channel/UCvwgF_0NOZe2vN4Q3g1bY-A,,7600000,,48,https://www.kaggle.com/datasets/bhavyadhingra00020/top-100-social-media-influencers-2024-countrywise
YouTube,UK,,UCHFA6Nt11kE_8OWIya0SQDQ,PlayToys,https://www.youtube.com/channel/UCHFA6Nt11kE_8OWIya0SQDQ,,7600000,,49,https://www.kaggle.com/datasets/bhavyadhingra00020/top-100-social-media-influencers-2024-countrywise
YouTube,UK,,UCUhFaUpnq31m6TNX2VKVSVA,carwow,https://www.youtube.com/channel/UCUhFaUpnq31m6TNX2VKVSVA,,7500000,0.2%,50,https://www.kaggle.com/datasets/bhavyadhingra00020/top-100-social-media-influencers-2024-countrywise
YouTube,UK,,UC5Y1pPVNm-odhiubuRO1D6A,Jeremy Lynch,https://www.youtube.com/channel/UC5Y1pPVNm-odhiubuRO1D6A,,7400000,,51,https://www.kaggle.com/datasets/bhavyadhingra00020/top-100-social-media-influencers-2024-countrywise
YouTube,UK,,UCOYWgypDktXdb-HfZnSMK6A,TomSka,https://www.youtube.com/channel/UCOYWgypDktXdb-HfZnSMK6A,,7200000,2.2%,52,https://www.kaggle.com/datasets/bhavyadhingra00020/top-100-social-media-influencers-2024-countrywise
YouTube,UK,,UCH-_hzb2ILSCo9ftVSnrCIQ,YOGSCAST Lewis & Simon,https://www.youtube.com/channel/UCH-_hzb2ILSCo9ftVSnrCIQ,समाचारहरू,7100000,,53,https://www.kaggle.com/datasets/bhavyadhingra00020/top-100-social-media-influencers-2024-countrywise
YouTube,UK,,UCzTlXb7ivVzuFlugVCv3Kvg,LDShadowLady,https://www.youtube.com/channel/UCzTlXb7ivVzuFlugVCv3Kvg,भिडियो गेमिङ,7000000,,54,https://www.kaggle.com/datasets/bhavyadhingra00020/top-100-social-media-influencers-2024-countrywise
YouTube,UK,,UCc4K7bAqpdBP8jh1j9XZAww,The Beatles,https://www.youtube.com/channel/UCc4K7bAqpdBP8jh1j9XZAww,,6900000,0.1%,55,https://www.kaggle.com/datasets/bhavyadhingra00020/top-100-social-media-influencers-2024-countrywise
YouTube,UK,,UCFHtCB_FWXQ8GpjgfYcD8-g,Passenger,https://www.youtube.com/channel/UCFHtCB_FWXQ8GpjgfYcD8-g,,6900000,,56,https://www.kaggle.com/datasets/bhavyadhingra00020/top-100-social-media-influencers-2024-countrywise
YouTube,UK,,UCrSgaO6xOY8YV1EoCbD51HA,MessYourself,https://www.youtube.com/channel/UCrSgaO6xOY8YV1EoCbD51HA,,6900000,,57,https://www.kaggle.com/datasets/bhavyadhingra00020/top-100-social-media-influencers-2024-countrywise
YouTube,UK,,UCh5mLn90vUaB1PbRRx_AiaA,MoreSidemen,https://www.youtube.com/channel/UCh5mLn90vUaB1PbRRx_AiaA,,6800000,0.6%,58,https://www.kaggle.com/datasets/bhavyadhingra00020/top-100-social-media-influencers-2024-countrywise
YouTube,UK,,UCmst562fALOY2cKb4IFgqEg,Boomerang UK,https://www.youtube.com/channel/UCmst562fALOY2cKb4IFgqEg,,6800000,,59,https://www.kaggle.com/datasets/bhavyadhingra00020/top-100-social-media-influencers-2024-countrywise
YouTube,UK,,UCV5Gw7GGOMxe6SSF6llp_3Q,James Arthur,https://www.youtube.com/channel/UCV5Gw7GGOMxe6SSF6llp_3Q,,6800000,,60,https://www.kaggle.com/datasets/bhavyadhingra00020/top-100-social-media-influencers-2024-countrywise
YouTube,UK,,UCrSx8rek9EuC3YGHvG8aalw,ARPO The Robot,https://www.youtube.com/channel/UCrSx8rek9EuC3YGHvG8aalw,,6700000,,61,https://www.kaggle.com/datasets/bhavyadhingra00020/top-100-social-media-influencers-2024-countrywise
YouTube,UK,,UCcmpeVbSSQlZRvHfdC-CRwg,24 News HD,https://www.youtube.com/channel/UCcmpeVbSSQlZRvHfdC-CRwg,,6700000,,62,https://www.kaggle.com/datasets/bhavyadhingra00020/top-100-social-media-influencers-2024-countrywise
YouTube,UK,,UC_wITz-Ze4JFc3WLQA1n3Hw,RubyandBonnie,https://www.youtube.com/channel/UC_wITz-Ze4JFc3WLQA1n3Hw,,6600000,,63,https://www.kaggle.com/datasets/bhavyadhingra00020/top-100-social-media-influencers-2024-countrywise
YouTube,UK,,UCHiceVclOIFCgAcveITRLLw,Nickelodeon UK,https://www.youtube.com/channel/UCHiceVclOIFCgAcveITRLLw,,6600000,,64,https://www.kaggle.com/datasets/bhavyadhingra00020/top-100-social-media-influencers-2024-countrywise
YouTube,UK,,UCSY5V7BJSrxNvvBF0Drslow,Mark Ronson,https://www.youtube.com/channel/UCSY5V7BJSrxNvvBF0Drslow,,6500000,,65,https://www.kaggle.com/datasets/bhavyadhingra00020/top-100-social-media-influencers-2024-countrywise
YouTube,UK,,UCQdsJ95w9jh-yB0BA6EDGWA,Rhia Official,https://www.youtube.com/channel/UCQdsJ95w9jh-yB0BA6EDGWA,,6400000,,66,https://www.kaggle.com/datasets/bhavyadhingra00020/top-100-social-media-influencers-2024-countrywise
YouTube,UK,,UCfLFTP1uTuIizynWsZq2nkQ,UKF Dubstep,https://www.youtube.com/channel/UCfLFTP1uTuIizynWsZq2nkQ,,6300000,,67,https://www.kaggle.com/datasets/bhavyadhingra00020/top-100-social-media-influencers-2024-countrywise
YouTube,UK,,UCOgUcv_9DaivXzsN9mcHIzQ,TGFbro,https://www.youtube.com/channel/UCOgUcv_9DaivXzsN9mcHIzQ,,6200000,0.9%,68,https://www.kaggle.com/datasets/bhavyadhingra00020/top-100-social-media-influencers-2024-countrywise
YouTube,UK,,UC1n_PfsVqxllCcnMPlxBIjw,Wilbur Soot,https://www.youtube.com/channel/UC1n_PfsVqxllCcnMPlxBIjw,,6200000,2.6%,69,https://www.kaggle.com/datasets/bhavyadhingra00020/top-100-social-media-influencers-2024-countrywise
YouTube,UK,,UCswH8ovgUp5Bdg-0_JTYFNw,Russell Brand,https://www.youtube.com/channel/UCswH8ovgUp5Bdg-0_JTYFNw,,6200000,,70,https://www.kaggle.com/datasets/bhavyadhingra00020/top-100-social-media-influencers-2024-countrywise
YouTube,UK,,UC6yW44UGJJBvYTlfC7CRg2Q,Manchester United,https://www.youtube.com/channel/UC6yW44UGJJBvYTlfC7CRg2Q,,6200000,0.2%,71,https://www.kaggle.com/datasets/bhavyadhingra00020/top-100-social-media-influencers-2024-countrywise
YouTube,UK,,UCM88mtSE0zRTn5ae4EbYcuw,Pingu - Official Channel,https://www.youtube.com/channel/UCM88mtSE0zRTn5ae4EbYcuw,,6200000,,72,https://www.kaggle.com/datasets/bhavyadhingra00020/top-100-social-media-influencers-2024-countrywise
YouTube,UK,,UCZSlfzadjnw7G419c_OJ9eg,Mrwhosetheboss Shorts,https://www.youtube.com/channel/UCZSlfzadjnw7G419c_OJ9eg,,6100000,,73,https://www.kaggle.com/datasets/bhavyadhingra00020/top-100-social-media-influencers-2024-countrywise
YouTube,UK,,UCdcUmdOxMrhRjKMw-BX19AA,Niko Omilana,https://www.youtube.com/channel/UCdcUmdOxMrhRjKMw-BX19AA,,6000000,16.2%,74,https://www.kaggle.com/datasets/bhavyadhingra00020/top-100-social-media-influencers-2024-countrywise
YouTube,UK,,UC7_yh9PEDpaqp34QtGO-_Yw,Tiana Wilson,https://www.youtube.com/channel/UC7_yh9PEDpaqp34QtGO-_Yw,,5900000,,75,https://www.kaggle.com/datasets/bhavyadhingra00020/top-100-social-media-influencers-2024-countrywise
YouTube,UK,,UCZzwjZPc6R_PbnDgFVMwlvQ,Capital FM,https://www.youtube.com/channel/UCZzwjZPc6R_PbnDgFVMwlvQ,,5800000,,76,https://www.kaggle.com/datasets/bhavyadhingra00020/top-100-social-media-influencers-2024-countrywise
YouTube,UK,,UCH6vXjt-BA7QHl0KnfL-7RQ,Simon's Cat,https://www.youtube.com/channel/UCH6vXjt-BA7QHl0KnfL-7RQ,,5800000,0.3%,77,https://www.kaggle.com/datasets/bhavyadhingra00020/top-100-social-media-influencers-2024-countrywise
YouTube,UK,,UC2C_jShtL725hvbm1arSV9w,CGP Grey,https://www.youtube.com/channel/UC2C_jShtL725hvbm1arSV9w,,5800000,,78,https://www.kaggle.com/datasets/bhavyadhingra00020/top-100-social-media-influencers-2024-countrywise
YouTube,UK,,UCpSgg_ECBj25s9moCDfSTsA,Jamie Oliver,https://www.youtube.com/channel/UCpSgg_ECBj25s9moCDfSTsA,,5800000,,79,https://www.kaggle.com/datasets/bhavyadhingra00020/top-100-social-media-influencers-2024-countrywise
YouTube,UK,,sirhcchris2010,ChrisMD,https://www.youtube.com/channel/sirhcchris2010,,5600000,2.2%,80,https://www.kaggle.com/datasets/bhavyadhingra00020/top-100-social-media-influencers-2024-countrywise
YouTube,UK,,UC-VDfQNL-S44eZscGlXI14g,Dumori Bay,https://www.youtube.com/channel/UC-VDfQNL-S44eZscGlXI14g,,5600000,,81,https://www.kaggle.com/datasets/bhavyadhingra00020/top-100-social-media-influencers-2024-countrywise
YouTube,UK,,UCakgsb0w7QB0VHdnCc-OVEA,Space Videos,https://www.youtube.com/channel/UCakgsb0w7QB0VHdnCc-OVEA,,5500000,,82,https://www.kaggle.com/datasets/bhavyadhingra00020/top-100-social-media-influencers-2024-countrywise
YouTube,UK,,UCu4XcDBdnZkV6-5z2f16M0g,Real Stories,https://www.youtube.com/channel/UCu4XcDBdnZkV6-5z2f16M0g,प्रसिद्धि,5500000,,83,https://www.kaggle.com/datasets/bhavyadhingra00020/top-100-social-media-influencers-2024-countrywise
YouTube,UK,,UCO66lK14MYiXlu0A6pQ4ouA,More Emily,https://www.youtube.com/channel/UCO66lK14MYiXlu0A6pQ4ouA,,5400000,,84,https://www.kaggle.com/datasets/bhavyadhingra00020/top-100-social-media-influencers-2024-countrywise
YouTube,UK,,UCqTwKvjbTENZDGbz2si47ag,GRM Daily,https://www.youtube.com/channel/UCqTwKvjbTENZDGbz2si47ag,,5300000,,85,https://www.kaggle.com/datasets/bhavyadhingra00020/top-100-social-media-influencers-2024-countrywise
YouTube,UK,,UCLk9wddjT0F-HILLRFXodtg,Joe Weller,https://www.youtube.com/channel/UCLk9wddjT0F-HILLRFXodtg,,5300000,1.9%,86,https://www.kaggle.com/datasets/bhavyadhingra00020/top-100-social-media-influencers-2024-countrywise
YouTube,UK,,UCbmWOFTbZoDLWqG1rvFnJ0g,WildBrain Kids,https://www.youtube.com/channel/UCbmWOFTbZoDLWqG1rvFnJ0g,प्रसिद्धि,5200000,,87,https://www.kaggle.com/datasets/bhavyadhingra00020/top-100-social-media-influencers-2024-countrywise
YouTube,UK,,UCoMdktPbSTixAyNGwb-UYkQ,Sky News,https://www.youtube.com/channel/UCoMdktPbSTixAyNGwb-UYkQ,,5200000,,88,https://www.kaggle.com/datasets/bhavyadhingra00020/top-100-social-media-influencers-2024-countrywise
YouTube,UK,,UCvxfEIG3PHpgM0TMJJ_SH-w,Jarvis,https://www.youtube.com/channel/UCvxfEIG3PHpgM0TMJJ_SH-w,,5000000,0.8%,89,https://www.kaggle.com/datasets/bhavyadhingra00020/top-100-social-media-influencers-2024-countrywise
YouTube,UK,,UCRlICXvO4XR4HMeEB9JjDlA,Thoughty2,https://www.youtube.com/channel/UCRlICXvO4XR4HMeEB9JjDlA,,5000000,,90,https://www.kaggle.com/datasets/bhavyadhingra00020/top-100-social-media-influencers-2024-countrywise
YouTube,UK,,thedadlab,TheDadLab,https://www.youtube.com/channel/thedadlab,,5000000,,91,https://www.kaggle.com/datasets/bhavyadhingra00020/top-100-social-media-influencers-2024-countrywise
YouTube,UK,,UCHhfSXoDG6gSgpOvLH4wrRw,Behzinga,https://www.youtube.com/channel/UCHhfSXoDG6gSgpOvLH4wrRw,,4900000,,92,https://www.kaggle.com/datasets/bhavyadhingra00020/top-100-social-media-influencers-2024-countrywise
YouTube,UK,,UCHaHD477h-FeBbVh9Sh7syA,BBC Learning English,https://www.youtube.com/channel/UCHaHD477h-FeBbVh9Sh7syA,,4800000,,93,https://www.kaggle.com/datasets/bhavyadhingra00020/top-100-social-media-influencers-2024-countrywise
YouTube,UK,,UCvZwcK22QTUaM18KE7mHeNw,Max and Katy,https://www.youtube.com/channel/UCvZwcK22QTUaM18KE7mHeNw,,4800000,,94,https://www.kaggle.com/datasets/bhavyadhingra00020/top-100-social-media-influencers-2024-countrywise
YouTube,UK,,UCkzCjdRMrW2vXLx8mvPVLdQ,Man City,https://www.youtube.com/channel/UCkzCjdRMrW2vXLx8mvPVLdQ,,4800000,,95,https://www.kaggle.com/datasets/bhavyadhingra00020/top-100-social-media-influencers-2024-countrywise
YouTube,UK,,UC0h07r_UgTD0Tc-Dn5XLX3g,Wisp,https://www.youtube.com/channel/UC0h07r_UgTD0Tc-Dn5XLX3g,,4700000,1.1%,96,https://www.kaggle.com/datasets/bhavyadhingra00020/top-100-social-media-influencers-2024-countrywise
YouTube,UK,,UCaFUrR3oSxOl5Y9y6tvLTEg,WillNE,https://www.youtube.com/channel/UCaFUrR3oSxOl5Y9y6tvLTEg,,4700000,2.4%,97,https://www.kaggle.com/datasets/bhavyadhingra00020/top-100-social-media-influencers-2024-countrywise
YouTube,UK,,UChntGq8THlUokhc1tT-M2wA,Zerkaa,https://www.youtube.com/channel/UChntGq8THlUokhc1tT-M2wA,,4700000,2.3%,98,https://www.kaggle.com/datasets/bhavyadhingra00020/top-100-social-media-influencers-2024-countrywise
YouTube,UK,,UChoQQRDf-zU1h6_YjKkWvdw,Ben Phillips,https://www.youtube.com/channel/UChoQQRDf-zU1h6_YjKkWvdw,,4600000,,99,https://www.kaggle.com/datasets/bhavyadhingra00020/top-100-social-media-influencers-2024-countrywise
YouTube,UK,,UCBKFH7bU2ebvO68FtuGjyyw,Roxxsaurus,https://www.youtube.com/channel/UCBKFH7bU2ebvO68FtuGjyyw,,4500000,,100,https://www.kaggle.com/datasets/bhavyadhingra00020/top-100-social-media-influencers-2024-countrywise
